[     581ms] [INFO] %cDownload the React DevTools for a better development experience: https://react.dev/link/react-devtools font-weight:bold @ http://localhost:3000/_next/static/chunks/d14e7_next_dist_51049c13._.js:2297
[    1125ms] [LOG] [HMR] connected @ http://localhost:3000/_next/static/chunks/d14e7_next_dist_51049c13._.js:2297
[    2974ms] [LOG] %c[Vercel Web Analytics]%c Debug mode is enabled by default in development. No requests will be sent to the server. color: rgb(120, 120, 120) color: inherit @ http://localhost:3000/_next/static/chunks/d14e7_next_dist_51049c13._.js:2297
[    2975ms] [LOG] %c[Vercel Web Analytics]%c [view] http://localhost:3000/ color: rgb(120, 120, 120) color: inherit {o: http://localhost:3000/, sv: 0.1.3, sdkn: @vercel/analytics/react, sdkv: 1.6.1, ts: 1787620605227} /_vercel/insights/view @ http://localhost:3000/_next/static/chunks/d14e7_next_dist_51049c13._.js:2297
[    3072ms] [LOG] [Fast Refresh] rebuilding @ http://localhost:3000/_next/static/chunks/d14e7_next_dist_51049c13._.js:2297
[    3613ms] [LOG] [Fast Refresh] done in 643ms @ http://localhost:3000/_next/static/chunks/d14e7_next_dist_51049c13._.js:2297
[    6482ms] [WARNING] Invalid scope @ http://localhost:3000/_next/static/chunks/d14e7_next_dist_51049c13._.js:2297
[    7501ms] [WARNING] Invalid scope @ http://localhost:3000/_next/static/chunks/d14e7_next_dist_51049c13._.js:2297
[   27221ms] [LOG] [Fast Refresh] rebuilding @ http://localhost:3000/_next/static/chunks/d14e7_next_dist_51049c13._.js:2297
[   27296ms] [LOG] [Fast Refresh] done in 190ms @ http://localhost:3000/_next/static/chunks/d14e7_next_dist_51049c13._.js:2297
[   27477ms] [INFO] %cDownload the React DevTools for a better development experience: https://react.dev/link/react-devtools font-weight:bold @ http://localhost:3000/_next/static/chunks/d14e7_next_dist_51049c13._.js:2297
[   27533ms] [LOG] [HMR] connected @ http://localhost:3000/_next/static/chunks/d14e7_next_dist_51049c13._.js:2297
[   27744ms] [LOG] %c[Vercel Web Analytics]%c Debug mode is enabled by default in development. No requests will be sent to the server. color: rgb(120, 120, 120) color: inherit @ http://localhost:3000/_next/static/chunks/d14e7_next_dist_51049c13._.js:2297
[   27745ms] [LOG] %c[Vercel Web Analytics]%c [view] http://localhost:3000/ color: rgb(120, 120, 120) color: inherit {o: http://localhost:3000/, sv: 0.1.3, sdkn: @vercel/analytics/react, sdkv: 1.6.1, ts: 1787620629997} /_vercel/insights/view @ http://localhost:3000/_next/static/chunks/d14e7_next_dist_51049c13._.js:2297
[   32443ms] [WARNING] Invalid scope @ http://localhost:3000/_next/static/chunks/d14e7_next_dist_51049c13._.js:2297
[   33517ms] [WARNING] Invalid scope @ http://localhost:3000/_next/static/chunks/d14e7_next_dist_51049c13._.js:2297
[   58293ms] [LOG] [Fast Refresh] rebuilding @ http://localhost:3000/_next/static/chunks/d14e7_next_dist_51049c13._.js:2297
[   58372ms] [LOG] [Fast Refresh] done in 194ms @ http://localhost:3000/_next/static/chunks/d14e7_next_dist_51049c13._.js:2297
[   58605ms] [INFO] %cDownload the React DevTools for a better development experience: https://react.dev/link/react-devtools font-weight:bold @ http://localhost:3000/_next/static/chunks/d14e7_next_dist_51049c13._.js:2297
[   58747ms] [LOG] [HMR] connected @ http://localhost:3000/_next/static/chunks/d14e7_next_dist_51049c13._.js:2297
[   59845ms] [LOG] %c[Vercel Web Analytics]%c Debug mode is enabled by default in development. No requests will be sent to the server. color: rgb(120, 120, 120) color: inherit @ http://localhost:3000/_next/static/chunks/d14e7_next_dist_51049c13._.js:2297
[   59846ms] [LOG] %c[Vercel Web Analytics]%c [view] http://localhost:3000/ color: rgb(120, 120, 120) color: inherit {o: http://localhost:3000/, sv: 0.1.3, sdkn: @vercel/analytics/react, sdkv: 1.6.1, ts: 1787620662099} /_vercel/insights/view @ http://localhost:3000/_next/static/chunks/d14e7_next_dist_51049c13._.js:2297
[   63560ms] [WARNING] Invalid scope @ http://localhost:3000/_next/static/chunks/d14e7_next_dist_51049c13._.js:2297
[   64609ms] [WARNING] Invalid scope @ http://localhost:3000/_next/static/chunks/d14e7_next_dist_51049c13._.js:2297
[  133265ms] [LOG] [Fast Refresh] rebuilding @ http://localhost:3000/_next/static/chunks/d14e7_next_dist_51049c13._.js:2297
[  133376ms] [LOG] [Fast Refresh] done in 223ms @ http://localhost:3000/_next/static/chunks/d14e7_next_dist_51049c13._.js:2297
[  133555ms] [INFO] %cDownload the React DevTools for a better development experience: https://react.dev/link/react-devtools font-weight:bold @ http://localhost:3000/_next/static/chunks/d14e7_next_dist_51049c13._.js:2297
[  133610ms] [LOG] [HMR] connected @ http://localhost:3000/_next/static/chunks/d14e7_next_dist_51049c13._.js:2297
[  134146ms] [LOG] %c[Vercel Web Analytics]%c Debug mode is enabled by default in development. No requests will be sent to the server. color: rgb(120, 120, 120) color: inherit @ http://localhost:3000/_next/static/chunks/d14e7_next_dist_51049c13._.js:2297
[  134147ms] [LOG] %c[Vercel Web Analytics]%c [view] http://localhost:3000/ color: rgb(120, 120, 120) color: inherit {o: http://localhost:3000/, sv: 0.1.3, sdkn: @vercel/analytics/react, sdkv: 1.6.1, ts: 1787620736399} /_vercel/insights/view @ http://localhost:3000/_next/static/chunks/d14e7_next_dist_51049c13._.js:2297
[  138553ms] [WARNING] Invalid scope @ http://localhost:3000/_next/static/chunks/d14e7_next_dist_51049c13._.js:2297
[  139562ms] [WARNING] Invalid scope @ http://localhost:3000/_next/static/chunks/d14e7_next_dist_51049c13._.js:2297
[  159457ms] [LOG] [Fast Refresh] rebuilding @ http://localhost:3000/_next/static/chunks/d14e7_next_dist_51049c13._.js:2297
[  159560ms] [LOG] [Fast Refresh] done in 213ms @ http://localhost:3000/_next/static/chunks/d14e7_next_dist_51049c13._.js:2297
[  159763ms] [INFO] %cDownload the React DevTools for a better development experience: https://react.dev/link/react-devtools font-weight:bold @ http://localhost:3000/_next/static/chunks/d14e7_next_dist_51049c13._.js:2297
[  159875ms] [LOG] [HMR] connected @ http://localhost:3000/_next/static/chunks/d14e7_next_dist_51049c13._.js:2297
[  161343ms] [LOG] %c[Vercel Web Analytics]%c Debug mode is enabled by default in development. No requests will be sent to the server. color: rgb(120, 120, 120) color: inherit @ http://localhost:3000/_next/static/chunks/d14e7_next_dist_51049c13._.js:2297
[  161344ms] [LOG] %c[Vercel Web Analytics]%c [view] http://localhost:3000/ color: rgb(120, 120, 120) color: inherit {o: http://localhost:3000/, sv: 0.1.3, sdkn: @vercel/analytics/react, sdkv: 1.6.1, ts: 1787620763596} /_vercel/insights/view @ http://localhost:3000/_next/static/chunks/d14e7_next_dist_51049c13._.js:2297
[  164764ms] [WARNING] Invalid scope @ http://localhost:3000/_next/static/chunks/d14e7_next_dist_51049c13._.js:2297
[  165762ms] [WARNING] Invalid scope @ http://localhost:3000/_next/static/chunks/d14e7_next_dist_51049c13._.js:2297
[  171702ms] [LOG] [Fast Refresh] rebuilding @ http://localhost:3000/_next/static/chunks/d14e7_next_dist_51049c13._.js:2297
[  171862ms] [LOG] [Fast Refresh] done in 276ms @ http://localhost:3000/_next/static/chunks/d14e7_next_dist_51049c13._.js:2297
[  172070ms] [INFO] %cDownload the React DevTools for a better development experience: https://react.dev/link/react-devtools font-weight:bold @ http://localhost:3000/_next/static/chunks/d14e7_next_dist_51049c13._.js:2297
[  172124ms] [LOG] [HMR] connected @ http://localhost:3000/_next/static/chunks/d14e7_next_dist_51049c13._.js:2297
[  172724ms] [LOG] %c[Vercel Web Analytics]%c Debug mode is enabled by default in development. No requests will be sent to the server. color: rgb(120, 120, 120) color: inherit @ http://localhost:3000/_next/static/chunks/d14e7_next_dist_51049c13._.js:2297
[  172724ms] [LOG] %c[Vercel Web Analytics]%c [view] http://localhost:3000/ color: rgb(120, 120, 120) color: inherit {o: http://localhost:3000/, sv: 0.1.3, sdkn: @vercel/analytics/react, sdkv: 1.6.1, ts: 1787620774976} /_vercel/insights/view @ http://localhost:3000/_next/static/chunks/d14e7_next_dist_51049c13._.js:2297
[  177047ms] [WARNING] Invalid scope @ http://localhost:3000/_next/static/chunks/d14e7_next_dist_51049c13._.js:2297
[  178062ms] [WARNING] Invalid scope @ http://localhost:3000/_next/static/chunks/d14e7_next_dist_51049c13._.js:2297
[  198684ms] [LOG] [Fast Refresh] rebuilding @ http://localhost:3000/_next/static/chunks/d14e7_next_dist_51049c13._.js:2297
[  198835ms] [LOG] [Fast Refresh] done in 254ms @ http://localhost:3000/_next/static/chunks/d14e7_next_dist_51049c13._.js:2297
[  199023ms] [INFO] %cDownload the React DevTools for a better development experience: https://react.dev/link/react-devtools font-weight:bold @ http://localhost:3000/_next/static/chunks/d14e7_next_dist_51049c13._.js:2297
[  199110ms] [LOG] [HMR] connected @ http://localhost:3000/_next/static/chunks/d14e7_next_dist_51049c13._.js:2297
[  199778ms] [LOG] %c[Vercel Web Analytics]%c Debug mode is enabled by default in development. No requests will be sent to the server. color: rgb(120, 120, 120) color: inherit @ http://localhost:3000/_next/static/chunks/d14e7_next_dist_51049c13._.js:2297
[  199778ms] [LOG] %c[Vercel Web Analytics]%c [view] http://localhost:3000/ color: rgb(120, 120, 120) color: inherit {o: http://localhost:3000/, sv: 0.1.3, sdkn: @vercel/analytics/react, sdkv: 1.6.1, ts: 1787620802030} /_vercel/insights/view @ http://localhost:3000/_next/static/chunks/d14e7_next_dist_51049c13._.js:2297
[  200036ms] [WARNING] rotate not eligible for reset. Try splitting into individual properties @ http://localhost:3000/_next/static/chunks/d14e7_next_dist_51049c13._.js:2297
[  200040ms] [WARNING] rotate not eligible for reset. Try splitting into individual properties @ http://localhost:3000/_next/static/chunks/d14e7_next_dist_51049c13._.js:2297
[  204159ms] [WARNING] Invalid scope @ http://localhost:3000/_next/static/chunks/d14e7_next_dist_51049c13._.js:2297
[  205098ms] [WARNING] Invalid scope @ http://localhost:3000/_next/static/chunks/d14e7_next_dist_51049c13._.js:2297
[  233852ms] [LOG] [Fast Refresh] rebuilding @ http://localhost:3000/_next/static/chunks/d14e7_next_dist_51049c13._.js:2297
[  234150ms] [LOG] [Fast Refresh] done in 400ms @ http://localhost:3000/_next/static/chunks/d14e7_next_dist_51049c13._.js:2297
[  234359ms] [INFO] %cDownload the React DevTools for a better development experience: https://react.dev/link/react-devtools font-weight:bold @ http://localhost:3000/_next/static/chunks/d14e7_next_dist_51049c13._.js:2297
[  234387ms] [LOG] [HMR] connected @ http://localhost:3000/_next/static/chunks/d14e7_next_dist_51049c13._.js:2297
[  234864ms] [LOG] %c[Vercel Web Analytics]%c Debug mode is enabled by default in development. No requests will be sent to the server. color: rgb(120, 120, 120) color: inherit @ http://localhost:3000/_next/static/chunks/d14e7_next_dist_51049c13._.js:2297
[  234864ms] [LOG] %c[Vercel Web Analytics]%c [view] http://localhost:3000/ color: rgb(120, 120, 120) color: inherit {o: http://localhost:3000/, sv: 0.1.3, sdkn: @vercel/analytics/react, sdkv: 1.6.1, ts: 1787620837116} /_vercel/insights/view @ http://localhost:3000/_next/static/chunks/d14e7_next_dist_51049c13._.js:2297
[  234865ms] [WARNING] Image with src "/images/hero/ian-sunglasses.webp" was detected as the Largest Contentful Paint (LCP). Please add the `loading="eager"` property if this image is above the fold.
Read more: https://nextjs.org/docs/app/api-reference/components/image#loading @ http://localhost:3000/_next/static/chunks/d14e7_next_dist_51049c13._.js:2297
[  234908ms] [WARNING] rotate not eligible for reset. Try splitting into individual properties @ http://localhost:3000/_next/static/chunks/d14e7_next_dist_51049c13._.js:2297
[  234909ms] [WARNING] rotate not eligible for reset. Try splitting into individual properties @ http://localhost:3000/_next/static/chunks/d14e7_next_dist_51049c13._.js:2297
[  234940ms] [WARNING] rotate not eligible for reset. Try splitting into individual properties @ http://localhost:3000/_next/static/chunks/d14e7_next_dist_51049c13._.js:2297
[  234940ms] [WARNING] rotate not eligible for reset. Try splitting into individual properties @ http://localhost:3000/_next/static/chunks/d14e7_next_dist_51049c13._.js:2297
[  234953ms] [WARNING] rotate not eligible for reset. Try splitting into individual properties @ http://localhost:3000/_next/static/chunks/d14e7_next_dist_51049c13._.js:2297
[  234953ms] [WARNING] rotate not eligible for reset. Try splitting into individual properties @ http://localhost:3000/_next/static/chunks/d14e7_next_dist_51049c13._.js:2297
[  234967ms] [WARNING] rotate not eligible for reset. Try splitting into individual properties @ http://localhost:3000/_next/static/chunks/d14e7_next_dist_51049c13._.js:2297
[  234967ms] [WARNING] rotate not eligible for reset. Try splitting into individual properties @ http://localhost:3000/_next/static/chunks/d14e7_next_dist_51049c13._.js:2297
[  234997ms] [WARNING] rotate not eligible for reset. Try splitting into individual properties @ http://localhost:3000/_next/static/chunks/d14e7_next_dist_51049c13._.js:2297
[  234997ms] [WARNING] rotate not eligible for reset. Try splitting into individual properties @ http://localhost:3000/_next/static/chunks/d14e7_next_dist_51049c13._.js:2297
[  235008ms] [WARNING] rotate not eligible for reset. Try splitting into individual properties @ http://localhost:3000/_next/static/chunks/d14e7_next_dist_51049c13._.js:2297
[  235008ms] [WARNING] rotate not eligible for reset. Try splitting into individual properties @ http://localhost:3000/_next/static/chunks/d14e7_next_dist_51049c13._.js:2297
[  235032ms] [WARNING] rotate not eligible for reset. Try splitting into individual properties @ http://localhost:3000/_next/static/chunks/d14e7_next_dist_51049c13._.js:2297
[  235032ms] [WARNING] rotate not eligible for reset. Try splitting into individual properties @ http://localhost:3000/_next/static/chunks/d14e7_next_dist_51049c13._.js:2297
[  237708ms] [WARNING] Invalid scope @ http://localhost:3000/_next/static/chunks/d14e7_next_dist_51049c13._.js:2297
[  237841ms] [WARNING] Invalid scope @ http://localhost:3000/_next/static/chunks/d14e7_next_dist_51049c13._.js:2297
[  266389ms] [LOG] [Fast Refresh] rebuilding @ http://localhost:3000/_next/static/chunks/d14e7_next_dist_51049c13._.js:2297
[  266645ms] [LOG] [Fast Refresh] done in 361ms @ http://localhost:3000/_next/static/chunks/d14e7_next_dist_51049c13._.js:2297
[  266835ms] [INFO] %cDownload the React DevTools for a better development experience: https://react.dev/link/react-devtools font-weight:bold @ http://localhost:3000/_next/static/chunks/d14e7_next_dist_51049c13._.js:2297
[  266871ms] [LOG] [HMR] connected @ http://localhost:3000/_next/static/chunks/d14e7_next_dist_51049c13._.js:2297
[  267324ms] [LOG] %c[Vercel Web Analytics]%c Debug mode is enabled by default in development. No requests will be sent to the server. color: rgb(120, 120, 120) color: inherit @ http://localhost:3000/_next/static/chunks/d14e7_next_dist_51049c13._.js:2297
[  267324ms] [LOG] %c[Vercel Web Analytics]%c [view] http://localhost:3000/ color: rgb(120, 120, 120) color: inherit {o: http://localhost:3000/, sv: 0.1.3, sdkn: @vercel/analytics/react, sdkv: 1.6.1, ts: 1787620869577} /_vercel/insights/view @ http://localhost:3000/_next/static/chunks/d14e7_next_dist_51049c13._.js:2297
[  267325ms] [WARNING] Image with src "/images/practice/interfaces.webp" was detected as the Largest Contentful Paint (LCP). Please add the `loading="eager"` property if this image is above the fold.
Read more: https://nextjs.org/docs/app/api-reference/components/image#loading @ http://localhost:3000/_next/static/chunks/d14e7_next_dist_51049c13._.js:2297
[  267494ms] [WARNING] rotate not eligible for reset. Try splitting into individual properties @ http://localhost:3000/_next/static/chunks/d14e7_next_dist_51049c13._.js:2297
[  267495ms] [WARNING] rotate not eligible for reset. Try splitting into individual properties @ http://localhost:3000/_next/static/chunks/d14e7_next_dist_51049c13._.js:2297
[  267505ms] [WARNING] rotate not eligible for reset. Try splitting into individual properties @ http://localhost:3000/_next/static/chunks/d14e7_next_dist_51049c13._.js:2297
[  267505ms] [WARNING] rotate not eligible for reset. Try splitting into individual properties @ http://localhost:3000/_next/static/chunks/d14e7_next_dist_51049c13._.js:2297
[  267513ms] [WARNING] rotate not eligible for reset. Try splitting into individual properties @ http://localhost:3000/_next/static/chunks/d14e7_next_dist_51049c13._.js:2297
[  267514ms] [WARNING] rotate not eligible for reset. Try splitting into individual properties @ http://localhost:3000/_next/static/chunks/d14e7_next_dist_51049c13._.js:2297
[  267521ms] [WARNING] rotate not eligible for reset. Try splitting into individual properties @ http://localhost:3000/_next/static/chunks/d14e7_next_dist_51049c13._.js:2297
[  267521ms] [WARNING] rotate not eligible for reset. Try splitting into individual properties @ http://localhost:3000/_next/static/chunks/d14e7_next_dist_51049c13._.js:2297
[  267528ms] [WARNING] rotate not eligible for reset. Try splitting into individual properties @ http://localhost:3000/_next/static/chunks/d14e7_next_dist_51049c13._.js:2297
[  267528ms] [WARNING] rotate not eligible for reset. Try splitting into individual properties @ http://localhost:3000/_next/static/chunks/d14e7_next_dist_51049c13._.js:2297
[  267542ms] [WARNING] rotate not eligible for reset. Try splitting into individual properties @ http://localhost:3000/_next/static/chunks/d14e7_next_dist_51049c13._.js:2297
[  267542ms] [WARNING] rotate not eligible for reset. Try splitting into individual properties @ http://localhost:3000/_next/static/chunks/d14e7_next_dist_51049c13._.js:2297
[  267549ms] [WARNING] rotate not eligible for reset. Try splitting into individual properties @ http://localhost:3000/_next/static/chunks/d14e7_next_dist_51049c13._.js:2297
[  267549ms] [WARNING] rotate not eligible for reset. Try splitting into individual properties @ http://localhost:3000/_next/static/chunks/d14e7_next_dist_51049c13._.js:2297
[  267557ms] [WARNING] rotate not eligible for reset. Try splitting into individual properties @ http://localhost:3000/_next/static/chunks/d14e7_next_dist_51049c13._.js:2297
[  267557ms] [WARNING] rotate not eligible for reset. Try splitting into individual properties @ http://localhost:3000/_next/static/chunks/d14e7_next_dist_51049c13._.js:2297
[  268041ms] [WARNING] rotate not eligible for reset. Try splitting into individual properties @ http://localhost:3000/_next/static/chunks/d14e7_next_dist_51049c13._.js:2297
[  268042ms] [WARNING] rotate not eligible for reset. Try splitting into individual properties @ http://localhost:3000/_next/static/chunks/d14e7_next_dist_51049c13._.js:2297
[  268048ms] [WARNING] rotate not eligible for reset. Try splitting into individual properties @ http://localhost:3000/_next/static/chunks/d14e7_next_dist_51049c13._.js:2297
[  268048ms] [WARNING] rotate not eligible for reset. Try splitting into individual properties @ http://localhost:3000/_next/static/chunks/d14e7_next_dist_51049c13._.js:2297
[  268055ms] [WARNING] rotate not eligible for reset. Try splitting into individual properties @ http://localhost:3000/_next/static/chunks/d14e7_next_dist_51049c13._.js:2297
[  268055ms] [WARNING] rotate not eligible for reset. Try splitting into individual properties @ http://localhost:3000/_next/static/chunks/d14e7_next_dist_51049c13._.js:2297
[  268069ms] [WARNING] rotate not eligible for reset. Try splitting into individual properties @ http://localhost:3000/_next/static/chunks/d14e7_next_dist_51049c13._.js:2297
[  268069ms] [WARNING] rotate not eligible for reset. Try splitting into individual properties @ http://localhost:3000/_next/static/chunks/d14e7_next_dist_51049c13._.js:2297
[  268076ms] [WARNING] rotate not eligible for reset. Try splitting into individual properties @ http://localhost:3000/_next/static/chunks/d14e7_next_dist_51049c13._.js:2297
[  268076ms] [WARNING] rotate not eligible for reset. Try splitting into individual properties @ http://localhost:3000/_next/static/chunks/d14e7_next_dist_51049c13._.js:2297
[  268083ms] [WARNING] rotate not eligible for reset. Try splitting into individual properties @ http://localhost:3000/_next/static/chunks/d14e7_next_dist_51049c13._.js:2297
[  268083ms] [WARNING] rotate not eligible for reset. Try splitting into individual properties @ http://localhost:3000/_next/static/chunks/d14e7_next_dist_51049c13._.js:2297
[  268090ms] [WARNING] rotate not eligible for reset. Try splitting into individual properties @ http://localhost:3000/_next/static/chunks/d14e7_next_dist_51049c13._.js:2297
[  268090ms] [WARNING] rotate not eligible for reset. Try splitting into individual properties @ http://localhost:3000/_next/static/chunks/d14e7_next_dist_51049c13._.js:2297
[  268097ms] [WARNING] rotate not eligible for reset. Try splitting into individual properties @ http://localhost:3000/_next/static/chunks/d14e7_next_dist_51049c13._.js:2297
[  268097ms] [WARNING] rotate not eligible for reset. Try splitting into individual properties @ http://localhost:3000/_next/static/chunks/d14e7_next_dist_51049c13._.js:2297
[  268104ms] [WARNING] rotate not eligible for reset. Try splitting into individual properties @ http://localhost:3000/_next/static/chunks/d14e7_next_dist_51049c13._.js:2297
[  268104ms] [WARNING] rotate not eligible for reset. Try splitting into individual properties @ http://localhost:3000/_next/static/chunks/d14e7_next_dist_51049c13._.js:2297
[  268118ms] [WARNING] rotate not eligible for reset. Try splitting into individual properties @ http://localhost:3000/_next/static/chunks/d14e7_next_dist_51049c13._.js:2297
[  268118ms] [WARNING] rotate not eligible for reset. Try splitting into individual properties @ http://localhost:3000/_next/static/chunks/d14e7_next_dist_51049c13._.js:2297
[  268125ms] [WARNING] rotate not eligible for reset. Try splitting into individual properties @ http://localhost:3000/_next/static/chunks/d14e7_next_dist_51049c13._.js:2297
[  268125ms] [WARNING] rotate not eligible for reset. Try splitting into individual properties @ http://localhost:3000/_next/static/chunks/d14e7_next_dist_51049c13._.js:2297
[  268132ms] [WARNING] rotate not eligible for reset. Try splitting into individual properties @ http://localhost:3000/_next/static/chunks/d14e7_next_dist_51049c13._.js:2297
[  268132ms] [WARNING] rotate not eligible for reset. Try splitting into individual properties @ http://localhost:3000/_next/static/chunks/d14e7_next_dist_51049c13._.js:2297
[  268139ms] [WARNING] rotate not eligible for reset. Try splitting into individual properties @ http://localhost:3000/_next/static/chunks/d14e7_next_dist_51049c13._.js:2297
[  268139ms] [WARNING] rotate not eligible for reset. Try splitting into individual properties @ http://localhost:3000/_next/static/chunks/d14e7_next_dist_51049c13._.js:2297
[  268145ms] [WARNING] rotate not eligible for reset. Try splitting into individual properties @ http://localhost:3000/_next/static/chunks/d14e7_next_dist_51049c13._.js:2297
[  268146ms] [WARNING] rotate not eligible for reset. Try splitting into individual properties @ http://localhost:3000/_next/static/chunks/d14e7_next_dist_51049c13._.js:2297
[  268152ms] [WARNING] rotate not eligible for reset. Try splitting into individual properties @ http://localhost:3000/_next/static/chunks/d14e7_next_dist_51049c13._.js:2297
[  268152ms] [WARNING] rotate not eligible for reset. Try splitting into individual properties @ http://localhost:3000/_next/static/chunks/d14e7_next_dist_51049c13._.js:2297
[  268180ms] [WARNING] rotate not eligible for reset. Try splitting into individual properties @ http://localhost:3000/_next/static/chunks/d14e7_next_dist_51049c13._.js:2297
[  268180ms] [WARNING] rotate not eligible for reset. Try splitting into individual properties @ http://localhost:3000/_next/static/chunks/d14e7_next_dist_51049c13._.js:2297
[  268187ms] [WARNING] rotate not eligible for reset. Try splitting into individual properties @ http://localhost:3000/_next/static/chunks/d14e7_next_dist_51049c13._.js:2297
[  268187ms] [WARNING] rotate not eligible for reset. Try splitting into individual properties @ http://localhost:3000/_next/static/chunks/d14e7_next_dist_51049c13._.js:2297
[  268194ms] [WARNING] rotate not eligible for reset. Try splitting into individual properties @ http://localhost:3000/_next/static/chunks/d14e7_next_dist_51049c13._.js:2297
[  268194ms] [WARNING] rotate not eligible for reset. Try splitting into individual properties @ http://localhost:3000/_next/static/chunks/d14e7_next_dist_51049c13._.js:2297
[  268201ms] [WARNING] rotate not eligible for reset. Try splitting into individual properties @ http://localhost:3000/_next/static/chunks/d14e7_next_dist_51049c13._.js:2297
[  268201ms] [WARNING] rotate not eligible for reset. Try splitting into individual properties @ http://localhost:3000/_next/static/chunks/d14e7_next_dist_51049c13._.js:2297
[  268208ms] [WARNING] rotate not eligible for reset. Try splitting into individual properties @ http://localhost:3000/_next/static/chunks/d14e7_next_dist_51049c13._.js:2297
[  268208ms] [WARNING] rotate not eligible for reset. Try splitting into individual properties @ http://localhost:3000/_next/static/chunks/d14e7_next_dist_51049c13._.js:2297
[  268222ms] [WARNING] rotate not eligible for reset. Try splitting into individual properties @ http://localhost:3000/_next/static/chunks/d14e7_next_dist_51049c13._.js:2297
[  268222ms] [WARNING] rotate not eligible for reset. Try splitting into individual properties @ http://localhost:3000/_next/static/chunks/d14e7_next_dist_51049c13._.js:2297
[  268229ms] [WARNING] rotate not eligible for reset. Try splitting into individual properties @ http://localhost:3000/_next/static/chunks/d14e7_next_dist_51049c13._.js:2297
[  268229ms] [WARNING] rotate not eligible for reset. Try splitting into individual properties @ http://localhost:3000/_next/static/chunks/d14e7_next_dist_51049c13._.js:2297
[  268236ms] [WARNING] rotate not eligible for reset. Try splitting into individual properties @ http://localhost:3000/_next/static/chunks/d14e7_next_dist_51049c13._.js:2297
[  268236ms] [WARNING] rotate not eligible for reset. Try splitting into individual properties @ http://localhost:3000/_next/static/chunks/d14e7_next_dist_51049c13._.js:2297
[  268243ms] [WARNING] rotate not eligible for reset. Try splitting into individual properties @ http://localhost:3000/_next/static/chunks/d14e7_next_dist_51049c13._.js:2297
[  268243ms] [WARNING] rotate not eligible for reset. Try splitting into individual properties @ http://localhost:3000/_next/static/chunks/d14e7_next_dist_51049c13._.js:2297
[  268249ms] [WARNING] rotate not eligible for reset. Try splitting into individual properties @ http://localhost:3000/_next/static/chunks/d14e7_next_dist_51049c13._.js:2297
[  268250ms] [WARNING] rotate not eligible for reset. Try splitting into individual properties @ http://localhost:3000/_next/static/chunks/d14e7_next_dist_51049c13._.js:2297
[  268256ms] [WARNING] rotate not eligible for reset. Try splitting into individual properties @ http://localhost:3000/_next/static/chunks/d14e7_next_dist_51049c13._.js:2297
[  268257ms] [WARNING] rotate not eligible for reset. Try splitting into individual properties @ http://localhost:3000/_next/static/chunks/d14e7_next_dist_51049c13._.js:2297
[  268263ms] [WARNING] rotate not eligible for reset. Try splitting into individual properties @ http://localhost:3000/_next/static/chunks/d14e7_next_dist_51049c13._.js:2297
[  268264ms] [WARNING] rotate not eligible for reset. Try splitting into individual properties @ http://localhost:3000/_next/static/chunks/d14e7_next_dist_51049c13._.js:2297
[  268277ms] [WARNING] rotate not eligible for reset. Try splitting into individual properties @ http://localhost:3000/_next/static/chunks/d14e7_next_dist_51049c13._.js:2297
[  268277ms] [WARNING] rotate not eligible for reset. Try splitting into individual properties @ http://localhost:3000/_next/static/chunks/d14e7_next_dist_51049c13._.js:2297
[  268284ms] [WARNING] rotate not eligible for reset. Try splitting into individual properties @ http://localhost:3000/_next/static/chunks/d14e7_next_dist_51049c13._.js:2297
[  268284ms] [WARNING] rotate not eligible for reset. Try splitting into individual properties @ http://localhost:3000/_next/static/chunks/d14e7_next_dist_51049c13._.js:2297
[  268291ms] [WARNING] rotate not eligible for reset. Try splitting into individual properties @ http://localhost:3000/_next/static/chunks/d14e7_next_dist_51049c13._.js:2297
[  268291ms] [WARNING] rotate not eligible for reset. Try splitting into individual properties @ http://localhost:3000/_next/static/chunks/d14e7_next_dist_51049c13._.js:2297
[  268298ms] [WARNING] rotate not eligible for reset. Try splitting into individual properties @ http://localhost:3000/_next/static/chunks/d14e7_next_dist_51049c13._.js:2297
[  268298ms] [WARNING] rotate not eligible for reset. Try splitting into individual properties @ http://localhost:3000/_next/static/chunks/d14e7_next_dist_51049c13._.js:2297
[  268305ms] [WARNING] rotate not eligible for reset. Try splitting into individual properties @ http://localhost:3000/_next/static/chunks/d14e7_next_dist_51049c13._.js:2297
[  268305ms] [WARNING] rotate not eligible for reset. Try splitting into individual properties @ http://localhost:3000/_next/static/chunks/d14e7_next_dist_51049c13._.js:2297
[  268312ms] [WARNING] rotate not eligible for reset. Try splitting into individual properties @ http://localhost:3000/_next/static/chunks/d14e7_next_dist_51049c13._.js:2297
[  268312ms] [WARNING] rotate not eligible for reset. Try splitting into individual properties @ http://localhost:3000/_next/static/chunks/d14e7_next_dist_51049c13._.js:2297
[  268325ms] [WARNING] rotate not eligible for reset. Try splitting into individual properties @ http://localhost:3000/_next/static/chunks/d14e7_next_dist_51049c13._.js:2297
[  268325ms] [WARNING] rotate not eligible for reset. Try splitting into individual properties @ http://localhost:3000/_next/static/chunks/d14e7_next_dist_51049c13._.js:2297
[  268330ms] [WARNING] rotate not eligible for reset. Try splitting into individual properties @ http://localhost:3000/_next/static/chunks/d14e7_next_dist_51049c13._.js:2297
[  268330ms] [WARNING] rotate not eligible for reset. Try splitting into individual properties @ http://localhost:3000/_next/static/chunks/d14e7_next_dist_51049c13._.js:2297
[  268335ms] [WARNING] rotate not eligible for reset. Try splitting into individual properties @ http://localhost:3000/_next/static/chunks/d14e7_next_dist_51049c13._.js:2297
[  268335ms] [WARNING] rotate not eligible for reset. Try splitting into individual properties @ http://localhost:3000/_next/static/chunks/d14e7_next_dist_51049c13._.js:2297
[  268347ms] [WARNING] rotate not eligible for reset. Try splitting into individual properties @ http://localhost:3000/_next/static/chunks/d14e7_next_dist_51049c13._.js:2297
[  268347ms] [WARNING] rotate not eligible for reset. Try splitting into individual properties @ http://localhost:3000/_next/static/chunks/d14e7_next_dist_51049c13._.js:2297
[  268354ms] [WARNING] rotate not eligible for reset. Try splitting into individual properties @ http://localhost:3000/_next/static/chunks/d14e7_next_dist_51049c13._.js:2297
[  268354ms] [WARNING] rotate not eligible for reset. Try splitting into individual properties @ http://localhost:3000/_next/static/chunks/d14e7_next_dist_51049c13._.js:2297
[  268360ms] [WARNING] rotate not eligible for reset. Try splitting into individual properties @ http://localhost:3000/_next/static/chunks/d14e7_next_dist_51049c13._.js:2297
[  268361ms] [WARNING] rotate not eligible for reset. Try splitting into individual properties @ http://localhost:3000/_next/static/chunks/d14e7_next_dist_51049c13._.js:2297
[  268368ms] [WARNING] rotate not eligible for reset. Try splitting into individual properties @ http://localhost:3000/_next/static/chunks/d14e7_next_dist_51049c13._.js:2297
[  268368ms] [WARNING] rotate not eligible for reset. Try splitting into individual properties @ http://localhost:3000/_next/static/chunks/d14e7_next_dist_51049c13._.js:2297
[  268381ms] [WARNING] rotate not eligible for reset. Try splitting into individual properties @ http://localhost:3000/_next/static/chunks/d14e7_next_dist_51049c13._.js:2297
[  268381ms] [WARNING] rotate not eligible for reset. Try splitting into individual properties @ http://localhost:3000/_next/static/chunks/d14e7_next_dist_51049c13._.js:2297
[  268388ms] [WARNING] rotate not eligible for reset. Try splitting into individual properties @ http://localhost:3000/_next/static/chunks/d14e7_next_dist_51049c13._.js:2297
[  268389ms] [WARNING] rotate not eligible for reset. Try splitting into individual properties @ http://localhost:3000/_next/static/chunks/d14e7_next_dist_51049c13._.js:2297
[  268395ms] [WARNING] rotate not eligible for reset. Try splitting into individual properties @ http://localhost:3000/_next/static/chunks/d14e7_next_dist_51049c13._.js:2297
[  268395ms] [WARNING] rotate not eligible for reset. Try splitting into individual properties @ http://localhost:3000/_next/static/chunks/d14e7_next_dist_51049c13._.js:2297
[  268402ms] [WARNING] rotate not eligible for reset. Try splitting into individual properties @ http://localhost:3000/_next/static/chunks/d14e7_next_dist_51049c13._.js:2297
[  268402ms] [WARNING] rotate not eligible for reset. Try splitting into individual properties @ http://localhost:3000/_next/static/chunks/d14e7_next_dist_51049c13._.js:2297
[  268409ms] [WARNING] rotate not eligible for reset. Try splitting into individual properties @ http://localhost:3000/_next/static/chunks/d14e7_next_dist_51049c13._.js:2297
[  268409ms] [WARNING] rotate not eligible for reset. Try splitting into individual properties @ http://localhost:3000/_next/static/chunks/d14e7_next_dist_51049c13._.js:2297
[  268416ms] [WARNING] rotate not eligible for reset. Try splitting into individual properties @ http://localhost:3000/_next/static/chunks/d14e7_next_dist_51049c13._.js:2297
[  268416ms] [WARNING] rotate not eligible for reset. Try splitting into individual properties @ http://localhost:3000/_next/static/chunks/d14e7_next_dist_51049c13._.js:2297
[  268423ms] [WARNING] rotate not eligible for reset. Try splitting into individual properties @ http://localhost:3000/_next/static/chunks/d14e7_next_dist_51049c13._.js:2297
[  268423ms] [WARNING] rotate not eligible for reset. Try splitting into individual properties @ http://localhost:3000/_next/static/chunks/d14e7_next_dist_51049c13._.js:2297
[  268437ms] [WARNING] rotate not eligible for reset. Try splitting into individual properties @ http://localhost:3000/_next/static/chunks/d14e7_next_dist_51049c13._.js:2297
[  268437ms] [WARNING] rotate not eligible for reset. Try splitting into individual properties @ http://localhost:3000/_next/static/chunks/d14e7_next_dist_51049c13._.js:2297
[  268444ms] [WARNING] rotate not eligible for reset. Try splitting into individual properties @ http://localhost:3000/_next/static/chunks/d14e7_next_dist_51049c13._.js:2297
[  268444ms] [WARNING] rotate not eligible for reset. Try splitting into individual properties @ http://localhost:3000/_next/static/chunks/d14e7_next_dist_51049c13._.js:2297
[  268451ms] [WARNING] rotate not eligible for reset. Try splitting into individual properties @ http://localhost:3000/_next/static/chunks/d14e7_next_dist_51049c13._.js:2297
[  268451ms] [WARNING] rotate not eligible for reset. Try splitting into individual properties @ http://localhost:3000/_next/static/chunks/d14e7_next_dist_51049c13._.js:2297
[  268458ms] [WARNING] rotate not eligible for reset. Try splitting into individual properties @ http://localhost:3000/_next/static/chunks/d14e7_next_dist_51049c13._.js:2297
[  268458ms] [WARNING] rotate not eligible for reset. Try splitting into individual properties @ http://localhost:3000/_next/static/chunks/d14e7_next_dist_51049c13._.js:2297
[  268465ms] [WARNING] rotate not eligible for reset. Try splitting into individual properties @ http://localhost:3000/_next/static/chunks/d14e7_next_dist_51049c13._.js:2297
[  268465ms] [WARNING] rotate not eligible for reset. Try splitting into individual properties @ http://localhost:3000/_next/static/chunks/d14e7_next_dist_51049c13._.js:2297
[  268472ms] [WARNING] rotate not eligible for reset. Try splitting into individual properties @ http://localhost:3000/_next/static/chunks/d14e7_next_dist_51049c13._.js:2297
[  268472ms] [WARNING] rotate not eligible for reset. Try splitting into individual properties @ http://localhost:3000/_next/static/chunks/d14e7_next_dist_51049c13._.js:2297
[  268486ms] [WARNING] rotate not eligible for reset. Try splitting into individual properties @ http://localhost:3000/_next/static/chunks/d14e7_next_dist_51049c13._.js:2297
[  268486ms] [WARNING] rotate not eligible for reset. Try splitting into individual properties @ http://localhost:3000/_next/static/chunks/d14e7_next_dist_51049c13._.js:2297
[  268493ms] [WARNING] rotate not eligible for reset. Try splitting into individual properties @ http://localhost:3000/_next/static/chunks/d14e7_next_dist_51049c13._.js:2297
[  268493ms] [WARNING] rotate not eligible for reset. Try splitting into individual properties @ http://localhost:3000/_next/static/chunks/d14e7_next_dist_51049c13._.js:2297
[  268500ms] [WARNING] rotate not eligible for reset. Try splitting into individual properties @ http://localhost:3000/_next/static/chunks/d14e7_next_dist_51049c13._.js:2297
[  268500ms] [WARNING] rotate not eligible for reset. Try splitting into individual properties @ http://localhost:3000/_next/static/chunks/d14e7_next_dist_51049c13._.js:2297
[  268506ms] [WARNING] rotate not eligible for reset. Try splitting into individual properties @ http://localhost:3000/_next/static/chunks/d14e7_next_dist_51049c13._.js:2297
[  268507ms] [WARNING] rotate not eligible for reset. Try splitting into individual properties @ http://localhost:3000/_next/static/chunks/d14e7_next_dist_51049c13._.js:2297
[  268513ms] [WARNING] rotate not eligible for reset. Try splitting into individual properties @ http://localhost:3000/_next/static/chunks/d14e7_next_dist_51049c13._.js:2297
[  268513ms] [WARNING] rotate not eligible for reset. Try splitting into individual properties @ http://localhost:3000/_next/static/chunks/d14e7_next_dist_51049c13._.js:2297
[  268548ms] [WARNING] rotate not eligible for reset. Try splitting into individual properties @ http://localhost:3000/_next/static/chunks/d14e7_next_dist_51049c13._.js:2297
[  268549ms] [WARNING] rotate not eligible for reset. Try splitting into individual properties @ http://localhost:3000/_next/static/chunks/d14e7_next_dist_51049c13._.js:2297
[  268555ms] [WARNING] rotate not eligible for reset. Try splitting into individual properties @ http://localhost:3000/_next/static/chunks/d14e7_next_dist_51049c13._.js:2297
[  268555ms] [WARNING] rotate not eligible for reset. Try splitting into individual properties @ http://localhost:3000/_next/static/chunks/d14e7_next_dist_51049c13._.js:2297
[  268562ms] [WARNING] rotate not eligible for reset. Try splitting into individual properties @ http://localhost:3000/_next/static/chunks/d14e7_next_dist_51049c13._.js:2297
[  268562ms] [WARNING] rotate not eligible for reset. Try splitting into individual properties @ http://localhost:3000/_next/static/chunks/d14e7_next_dist_51049c13._.js:2297
[  268576ms] [WARNING] rotate not eligible for reset. Try splitting into individual properties @ http://localhost:3000/_next/static/chunks/d14e7_next_dist_51049c13._.js:2297
[  268576ms] [WARNING] rotate not eligible for reset. Try splitting into individual properties @ http://localhost:3000/_next/static/chunks/d14e7_next_dist_51049c13._.js:2297
[  268590ms] [WARNING] rotate not eligible for reset. Try splitting into individual properties @ http://localhost:3000/_next/static/chunks/d14e7_next_dist_51049c13._.js:2297
[  268590ms] [WARNING] rotate not eligible for reset. Try splitting into individual properties @ http://localhost:3000/_next/static/chunks/d14e7_next_dist_51049c13._.js:2297
[  268597ms] [WARNING] rotate not eligible for reset. Try splitting into individual properties @ http://localhost:3000/_next/static/chunks/d14e7_next_dist_51049c13._.js:2297
[  268597ms] [WARNING] rotate not eligible for reset. Try splitting into individual properties @ http://localhost:3000/_next/static/chunks/d14e7_next_dist_51049c13._.js:2297
[  268604ms] [WARNING] rotate not eligible for reset. Try splitting into individual properties @ http://localhost:3000/_next/static/chunks/d14e7_next_dist_51049c13._.js:2297
[  268604ms] [WARNING] rotate not eligible for reset. Try splitting into individual properties @ http://localhost:3000/_next/static/chunks/d14e7_next_dist_51049c13._.js:2297
[  268610ms] [WARNING] rotate not eligible for reset. Try splitting into individual properties @ http://localhost:3000/_next/static/chunks/d14e7_next_dist_51049c13._.js:2297
[  268611ms] [WARNING] rotate not eligible for reset. Try splitting into individual properties @ http://localhost:3000/_next/static/chunks/d14e7_next_dist_51049c13._.js:2297
[  268618ms] [WARNING] rotate not eligible for reset. Try splitting into individual properties @ http://localhost:3000/_next/static/chunks/d14e7_next_dist_51049c13._.js:2297
[  268618ms] [WARNING] rotate not eligible for reset. Try splitting into individual properties @ http://localhost:3000/_next/static/chunks/d14e7_next_dist_51049c13._.js:2297
[  268624ms] [WARNING] rotate not eligible for reset. Try splitting into individual properties @ http://localhost:3000/_next/static/chunks/d14e7_next_dist_51049c13._.js:2297
[  268625ms] [WARNING] rotate not eligible for reset. Try splitting into individual properties @ http://localhost:3000/_next/static/chunks/d14e7_next_dist_51049c13._.js:2297
[  268631ms] [WARNING] rotate not eligible for reset. Try splitting into individual properties @ http://localhost:3000/_next/static/chunks/d14e7_next_dist_51049c13._.js:2297
[  268631ms] [WARNING] rotate not eligible for reset. Try splitting into individual properties @ http://localhost:3000/_next/static/chunks/d14e7_next_dist_51049c13._.js:2297
[  268645ms] [WARNING] rotate not eligible for reset. Try splitting into individual properties @ http://localhost:3000/_next/static/chunks/d14e7_next_dist_51049c13._.js:2297
[  268646ms] [WARNING] rotate not eligible for reset. Try splitting into individual properties @ http://localhost:3000/_next/static/chunks/d14e7_next_dist_51049c13._.js:2297
[  268652ms] [WARNING] rotate not eligible for reset. Try splitting into individual properties @ http://localhost:3000/_next/static/chunks/d14e7_next_dist_51049c13._.js:2297
[  268652ms] [WARNING] rotate not eligible for reset. Try splitting into individual properties @ http://localhost:3000/_next/static/chunks/d14e7_next_dist_51049c13._.js:2297
[  268659ms] [WARNING] rotate not eligible for reset. Try splitting into individual properties @ http://localhost:3000/_next/static/chunks/d14e7_next_dist_51049c13._.js:2297
[  268659ms] [WARNING] rotate not eligible for reset. Try splitting into individual properties @ http://localhost:3000/_next/static/chunks/d14e7_next_dist_51049c13._.js:2297
[  268666ms] [WARNING] rotate not eligible for reset. Try splitting into individual properties @ http://localhost:3000/_next/static/chunks/d14e7_next_dist_51049c13._.js:2297
[  268666ms] [WARNING] rotate not eligible for reset. Try splitting into individual properties @ http://localhost:3000/_next/static/chunks/d14e7_next_dist_51049c13._.js:2297
[  270122ms] [WARNING] Invalid scope @ http://localhost:3000/_next/static/chunks/d14e7_next_dist_51049c13._.js:2297
[  270259ms] [WARNING] Invalid scope @ http://localhost:3000/_next/static/chunks/d14e7_next_dist_51049c13._.js:2297
[  270613ms] [WARNING] rotate not eligible for reset. Try splitting into individual properties @ http://localhost:3000/_next/static/chunks/d14e7_next_dist_51049c13._.js:2297
[  270613ms] [WARNING] rotate not eligible for reset. Try splitting into individual properties @ http://localhost:3000/_next/static/chunks/d14e7_next_dist_51049c13._.js:2297
[  270622ms] [WARNING] rotate not eligible for reset. Try splitting into individual properties @ http://localhost:3000/_next/static/chunks/d14e7_next_dist_51049c13._.js:2297
[  270623ms] [WARNING] rotate not eligible for reset. Try splitting into individual properties @ http://localhost:3000/_next/static/chunks/d14e7_next_dist_51049c13._.js:2297
[  270732ms] [WARNING] rotate not eligible for reset. Try splitting into individual properties @ http://localhost:3000/_next/static/chunks/d14e7_next_dist_51049c13._.js:2297
[  270732ms] [WARNING] rotate not eligible for reset. Try splitting into individual properties @ http://localhost:3000/_next/static/chunks/d14e7_next_dist_51049c13._.js:2297
[  270758ms] [WARNING] rotate not eligible for reset. Try splitting into individual properties @ http://localhost:3000/_next/static/chunks/d14e7_next_dist_51049c13._.js:2297
[  270758ms] [WARNING] rotate not eligible for reset. Try splitting into individual properties @ http://localhost:3000/_next/static/chunks/d14e7_next_dist_51049c13._.js:2297
[  270764ms] [WARNING] rotate not eligible for reset. Try splitting into individual properties @ http://localhost:3000/_next/static/chunks/d14e7_next_dist_51049c13._.js:2297
[  270765ms] [WARNING] rotate not eligible for reset. Try splitting into individual properties @ http://localhost:3000/_next/static/chunks/d14e7_next_dist_51049c13._.js:2297
[  270771ms] [WARNING] rotate not eligible for reset. Try splitting into individual properties @ http://localhost:3000/_next/static/chunks/d14e7_next_dist_51049c13._.js:2297
[  270771ms] [WARNING] rotate not eligible for reset. Try splitting into individual properties @ http://localhost:3000/_next/static/chunks/d14e7_next_dist_51049c13._.js:2297
[  270778ms] [WARNING] rotate not eligible for reset. Try splitting into individual properties @ http://localhost:3000/_next/static/chunks/d14e7_next_dist_51049c13._.js:2297
[  270778ms] [WARNING] rotate not eligible for reset. Try splitting into individual properties @ http://localhost:3000/_next/static/chunks/d14e7_next_dist_51049c13._.js:2297
[  270785ms] [WARNING] rotate not eligible for reset. Try splitting into individual properties @ http://localhost:3000/_next/static/chunks/d14e7_next_dist_51049c13._.js:2297
[  270785ms] [WARNING] rotate not eligible for reset. Try splitting into individual properties @ http://localhost:3000/_next/static/chunks/d14e7_next_dist_51049c13._.js:2297
[  270792ms] [WARNING] rotate not eligible for reset. Try splitting into individual properties @ http://localhost:3000/_next/static/chunks/d14e7_next_dist_51049c13._.js:2297
[  270792ms] [WARNING] rotate not eligible for reset. Try splitting into individual properties @ http://localhost:3000/_next/static/chunks/d14e7_next_dist_51049c13._.js:2297
[  270812ms] [WARNING] rotate not eligible for reset. Try splitting into individual properties @ http://localhost:3000/_next/static/chunks/d14e7_next_dist_51049c13._.js:2297
[  270812ms] [WARNING] rotate not eligible for reset. Try splitting into individual properties @ http://localhost:3000/_next/static/chunks/d14e7_next_dist_51049c13._.js:2297
[  270820ms] [WARNING] rotate not eligible for reset. Try splitting into individual properties @ http://localhost:3000/_next/static/chunks/d14e7_next_dist_51049c13._.js:2297
[  270820ms] [WARNING] rotate not eligible for reset. Try splitting into individual properties @ http://localhost:3000/_next/static/chunks/d14e7_next_dist_51049c13._.js:2297
[  270827ms] [WARNING] rotate not eligible for reset. Try splitting into individual properties @ http://localhost:3000/_next/static/chunks/d14e7_next_dist_51049c13._.js:2297
[  270827ms] [WARNING] rotate not eligible for reset. Try splitting into individual properties @ http://localhost:3000/_next/static/chunks/d14e7_next_dist_51049c13._.js:2297
[  270833ms] [WARNING] rotate not eligible for reset. Try splitting into individual properties @ http://localhost:3000/_next/static/chunks/d14e7_next_dist_51049c13._.js:2297
[  270834ms] [WARNING] rotate not eligible for reset. Try splitting into individual properties @ http://localhost:3000/_next/static/chunks/d14e7_next_dist_51049c13._.js:2297
[  270841ms] [WARNING] rotate not eligible for reset. Try splitting into individual properties @ http://localhost:3000/_next/static/chunks/d14e7_next_dist_51049c13._.js:2297
[  270841ms] [WARNING] rotate not eligible for reset. Try splitting into individual properties @ http://localhost:3000/_next/static/chunks/d14e7_next_dist_51049c13._.js:2297
[  270855ms] [WARNING] rotate not eligible for reset. Try splitting into individual properties @ http://localhost:3000/_next/static/chunks/d14e7_next_dist_51049c13._.js:2297
[  270856ms] [WARNING] rotate not eligible for reset. Try splitting into individual properties @ http://localhost:3000/_next/static/chunks/d14e7_next_dist_51049c13._.js:2297
[  270861ms] [WARNING] rotate not eligible for reset. Try splitting into individual properties @ http://localhost:3000/_next/static/chunks/d14e7_next_dist_51049c13._.js:2297
[  270862ms] [WARNING] rotate not eligible for reset. Try splitting into individual properties @ http://localhost:3000/_next/static/chunks/d14e7_next_dist_51049c13._.js:2297
[  270868ms] [WARNING] rotate not eligible for reset. Try splitting into individual properties @ http://localhost:3000/_next/static/chunks/d14e7_next_dist_51049c13._.js:2297
[  270868ms] [WARNING] rotate not eligible for reset. Try splitting into individual properties @ http://localhost:3000/_next/static/chunks/d14e7_next_dist_51049c13._.js:2297
[  270875ms] [WARNING] rotate not eligible for reset. Try splitting into individual properties @ http://localhost:3000/_next/static/chunks/d14e7_next_dist_51049c13._.js:2297
[  270876ms] [WARNING] rotate not eligible for reset. Try splitting into individual properties @ http://localhost:3000/_next/static/chunks/d14e7_next_dist_51049c13._.js:2297
[  270882ms] [WARNING] rotate not eligible for reset. Try splitting into individual properties @ http://localhost:3000/_next/static/chunks/d14e7_next_dist_51049c13._.js:2297
[  270882ms] [WARNING] rotate not eligible for reset. Try splitting into individual properties @ http://localhost:3000/_next/static/chunks/d14e7_next_dist_51049c13._.js:2297
[  270889ms] [WARNING] rotate not eligible for reset. Try splitting into individual properties @ http://localhost:3000/_next/static/chunks/d14e7_next_dist_51049c13._.js:2297
[  270889ms] [WARNING] rotate not eligible for reset. Try splitting into individual properties @ http://localhost:3000/_next/static/chunks/d14e7_next_dist_51049c13._.js:2297
[  270896ms] [WARNING] rotate not eligible for reset. Try splitting into individual properties @ http://localhost:3000/_next/static/chunks/d14e7_next_dist_51049c13._.js:2297
[  270896ms] [WARNING] rotate not eligible for reset. Try splitting into individual properties @ http://localhost:3000/_next/static/chunks/d14e7_next_dist_51049c13._.js:2297
[  270910ms] [WARNING] rotate not eligible for reset. Try splitting into individual properties @ http://localhost:3000/_next/static/chunks/d14e7_next_dist_51049c13._.js:2297
[  270910ms] [WARNING] rotate not eligible for reset. Try splitting into individual properties @ http://localhost:3000/_next/static/chunks/d14e7_next_dist_51049c13._.js:2297
[  270917ms] [WARNING] rotate not eligible for reset. Try splitting into individual properties @ http://localhost:3000/_next/static/chunks/d14e7_next_dist_51049c13._.js:2297
[  270917ms] [WARNING] rotate not eligible for reset. Try splitting into individual properties @ http://localhost:3000/_next/static/chunks/d14e7_next_dist_51049c13._.js:2297
[  270924ms] [WARNING] rotate not eligible for reset. Try splitting into individual properties @ http://localhost:3000/_next/static/chunks/d14e7_next_dist_51049c13._.js:2297
[  270924ms] [WARNING] rotate not eligible for reset. Try splitting into individual properties @ http://localhost:3000/_next/static/chunks/d14e7_next_dist_51049c13._.js:2297
[  287331ms] [LOG] [Fast Refresh] rebuilding @ http://localhost:3000/_next/static/chunks/d14e7_next_dist_51049c13._.js:2297
[  287641ms] [LOG] [Fast Refresh] done in 412ms @ http://localhost:3000/_next/static/chunks/d14e7_next_dist_51049c13._.js:2297
[  287812ms] [INFO] %cDownload the React DevTools for a better development experience: https://react.dev/link/react-devtools font-weight:bold @ http://localhost:3000/_next/static/chunks/d14e7_next_dist_51049c13._.js:2297
[  287855ms] [LOG] [HMR] connected @ http://localhost:3000/_next/static/chunks/d14e7_next_dist_51049c13._.js:2297
[  288438ms] [LOG] %c[Vercel Web Analytics]%c Debug mode is enabled by default in development. No requests will be sent to the server. color: rgb(120, 120, 120) color: inherit @ http://localhost:3000/_next/static/chunks/d14e7_next_dist_51049c13._.js:2297
[  288438ms] [LOG] %c[Vercel Web Analytics]%c [view] http://localhost:3000/ color: rgb(120, 120, 120) color: inherit {o: http://localhost:3000/, sv: 0.1.3, sdkn: @vercel/analytics/react, sdkv: 1.6.1, ts: 1787620890690} /_vercel/insights/view @ http://localhost:3000/_next/static/chunks/d14e7_next_dist_51049c13._.js:2297
[  288462ms] [WARNING] Image with src "/images/hero/keyboard-hero.webp" was detected as the Largest Contentful Paint (LCP). Please add the `loading="eager"` property if this image is above the fold.
Read more: https://nextjs.org/docs/app/api-reference/components/image#loading @ http://localhost:3000/_next/static/chunks/d14e7_next_dist_51049c13._.js:2297
[  288462ms] [WARNING] Image with src "/images/hero/ian-sunglasses.webp" was detected as the Largest Contentful Paint (LCP). Please add the `loading="eager"` property if this image is above the fold.
Read more: https://nextjs.org/docs/app/api-reference/components/image#loading @ http://localhost:3000/_next/static/chunks/d14e7_next_dist_51049c13._.js:2297
[  289389ms] [WARNING] rotate not eligible for reset. Try splitting into individual properties @ http://localhost:3000/_next/static/chunks/d14e7_next_dist_51049c13._.js:2297
[  289390ms] [WARNING] rotate not eligible for reset. Try splitting into individual properties @ http://localhost:3000/_next/static/chunks/d14e7_next_dist_51049c13._.js:2297
[  289396ms] [WARNING] rotate not eligible for reset. Try splitting into individual properties @ http://localhost:3000/_next/static/chunks/d14e7_next_dist_51049c13._.js:2297
[  289396ms] [WARNING] rotate not eligible for reset. Try splitting into individual properties @ http://localhost:3000/_next/static/chunks/d14e7_next_dist_51049c13._.js:2297
[  289403ms] [WARNING] rotate not eligible for reset. Try splitting into individual properties @ http://localhost:3000/_next/static/chunks/d14e7_next_dist_51049c13._.js:2297
[  289404ms] [WARNING] rotate not eligible for reset. Try splitting into individual properties @ http://localhost:3000/_next/static/chunks/d14e7_next_dist_51049c13._.js:2297
[  289413ms] [WARNING] rotate not eligible for reset. Try splitting into individual properties @ http://localhost:3000/_next/static/chunks/d14e7_next_dist_51049c13._.js:2297
[  289413ms] [WARNING] rotate not eligible for reset. Try splitting into individual properties @ http://localhost:3000/_next/static/chunks/d14e7_next_dist_51049c13._.js:2297
[  289422ms] [WARNING] rotate not eligible for reset. Try splitting into individual properties @ http://localhost:3000/_next/static/chunks/d14e7_next_dist_51049c13._.js:2297
[  289422ms] [WARNING] rotate not eligible for reset. Try splitting into individual properties @ http://localhost:3000/_next/static/chunks/d14e7_next_dist_51049c13._.js:2297
[  289431ms] [WARNING] rotate not eligible for reset. Try splitting into individual properties @ http://localhost:3000/_next/static/chunks/d14e7_next_dist_51049c13._.js:2297
[  289431ms] [WARNING] rotate not eligible for reset. Try splitting into individual properties @ http://localhost:3000/_next/static/chunks/d14e7_next_dist_51049c13._.js:2297
[  289440ms] [WARNING] rotate not eligible for reset. Try splitting into individual properties @ http://localhost:3000/_next/static/chunks/d14e7_next_dist_51049c13._.js:2297
[  289440ms] [WARNING] rotate not eligible for reset. Try splitting into individual properties @ http://localhost:3000/_next/static/chunks/d14e7_next_dist_51049c13._.js:2297
[  289446ms] [WARNING] rotate not eligible for reset. Try splitting into individual properties @ http://localhost:3000/_next/static/chunks/d14e7_next_dist_51049c13._.js:2297
[  289446ms] [WARNING] rotate not eligible for reset. Try splitting into individual properties @ http://localhost:3000/_next/static/chunks/d14e7_next_dist_51049c13._.js:2297
[  289454ms] [WARNING] rotate not eligible for reset. Try splitting into individual properties @ http://localhost:3000/_next/static/chunks/d14e7_next_dist_51049c13._.js:2297
[  289454ms] [WARNING] rotate not eligible for reset. Try splitting into individual properties @ http://localhost:3000/_next/static/chunks/d14e7_next_dist_51049c13._.js:2297
[  289461ms] [WARNING] rotate not eligible for reset. Try splitting into individual properties @ http://localhost:3000/_next/static/chunks/d14e7_next_dist_51049c13._.js:2297
[  289462ms] [WARNING] rotate not eligible for reset. Try splitting into individual properties @ http://localhost:3000/_next/static/chunks/d14e7_next_dist_51049c13._.js:2297
[  289470ms] [WARNING] rotate not eligible for reset. Try splitting into individual properties @ http://localhost:3000/_next/static/chunks/d14e7_next_dist_51049c13._.js:2297
[  289470ms] [WARNING] rotate not eligible for reset. Try splitting into individual properties @ http://localhost:3000/_next/static/chunks/d14e7_next_dist_51049c13._.js:2297
[  289478ms] [WARNING] rotate not eligible for reset. Try splitting into individual properties @ http://localhost:3000/_next/static/chunks/d14e7_next_dist_51049c13._.js:2297
[  289479ms] [WARNING] rotate not eligible for reset. Try splitting into individual properties @ http://localhost:3000/_next/static/chunks/d14e7_next_dist_51049c13._.js:2297
[  289485ms] [WARNING] rotate not eligible for reset. Try splitting into individual properties @ http://localhost:3000/_next/static/chunks/d14e7_next_dist_51049c13._.js:2297
[  289485ms] [WARNING] rotate not eligible for reset. Try splitting into individual properties @ http://localhost:3000/_next/static/chunks/d14e7_next_dist_51049c13._.js:2297
[  291224ms] [WARNING] Invalid scope @ http://localhost:3000/_next/static/chunks/d14e7_next_dist_51049c13._.js:2297
[  291366ms] [WARNING] Invalid scope @ http://localhost:3000/_next/static/chunks/d14e7_next_dist_51049c13._.js:2297
[  304981ms] [LOG] [Fast Refresh] rebuilding @ http://localhost:3000/_next/static/chunks/d14e7_next_dist_51049c13._.js:2297
[  305254ms] [LOG] [Fast Refresh] done in 402ms @ http://localhost:3000/_next/static/chunks/d14e7_next_dist_51049c13._.js:2297
[  305421ms] [INFO] %cDownload the React DevTools for a better development experience: https://react.dev/link/react-devtools font-weight:bold @ http://localhost:3000/_next/static/chunks/d14e7_next_dist_51049c13._.js:2297
[  305450ms] [LOG] [HMR] connected @ http://localhost:3000/_next/static/chunks/d14e7_next_dist_51049c13._.js:2297
[  305869ms] [WARNING] rotate not eligible for reset. Try splitting into individual properties @ http://localhost:3000/_next/static/chunks/d14e7_next_dist_51049c13._.js:2297
[  305869ms] [WARNING] rotate not eligible for reset. Try splitting into individual properties @ http://localhost:3000/_next/static/chunks/d14e7_next_dist_51049c13._.js:2297
[  305901ms] [LOG] %c[Vercel Web Analytics]%c Debug mode is enabled by default in development. No requests will be sent to the server. color: rgb(120, 120, 120) color: inherit @ http://localhost:3000/_next/static/chunks/d14e7_next_dist_51049c13._.js:2297
[  305902ms] [LOG] %c[Vercel Web Analytics]%c [view] http://localhost:3000/ color: rgb(120, 120, 120) color: inherit {o: http://localhost:3000/, sv: 0.1.3, sdkn: @vercel/analytics/react, sdkv: 1.6.1, ts: 1787620908154} /_vercel/insights/view @ http://localhost:3000/_next/static/chunks/d14e7_next_dist_51049c13._.js:2297
[  305917ms] [WARNING] rotate not eligible for reset. Try splitting into individual properties @ http://localhost:3000/_next/static/chunks/d14e7_next_dist_51049c13._.js:2297
[  305917ms] [WARNING] rotate not eligible for reset. Try splitting into individual properties @ http://localhost:3000/_next/static/chunks/d14e7_next_dist_51049c13._.js:2297
[  305932ms] [WARNING] rotate not eligible for reset. Try splitting into individual properties @ http://localhost:3000/_next/static/chunks/d14e7_next_dist_51049c13._.js:2297
[  305932ms] [WARNING] rotate not eligible for reset. Try splitting into individual properties @ http://localhost:3000/_next/static/chunks/d14e7_next_dist_51049c13._.js:2297
[  305958ms] [WARNING] rotate not eligible for reset. Try splitting into individual properties @ http://localhost:3000/_next/static/chunks/d14e7_next_dist_51049c13._.js:2297
[  305958ms] [WARNING] rotate not eligible for reset. Try splitting into individual properties @ http://localhost:3000/_next/static/chunks/d14e7_next_dist_51049c13._.js:2297
[  305981ms] [WARNING] rotate not eligible for reset. Try splitting into individual properties @ http://localhost:3000/_next/static/chunks/d14e7_next_dist_51049c13._.js:2297
[  305981ms] [WARNING] rotate not eligible for reset. Try splitting into individual properties @ http://localhost:3000/_next/static/chunks/d14e7_next_dist_51049c13._.js:2297
[  305992ms] [WARNING] rotate not eligible for reset. Try splitting into individual properties @ http://localhost:3000/_next/static/chunks/d14e7_next_dist_51049c13._.js:2297
[  305992ms] [WARNING] rotate not eligible for reset. Try splitting into individual properties @ http://localhost:3000/_next/static/chunks/d14e7_next_dist_51049c13._.js:2297
[  306000ms] [WARNING] rotate not eligible for reset. Try splitting into individual properties @ http://localhost:3000/_next/static/chunks/d14e7_next_dist_51049c13._.js:2297
[  306001ms] [WARNING] rotate not eligible for reset. Try splitting into individual properties @ http://localhost:3000/_next/static/chunks/d14e7_next_dist_51049c13._.js:2297
[  306024ms] [WARNING] rotate not eligible for reset. Try splitting into individual properties @ http://localhost:3000/_next/static/chunks/d14e7_next_dist_51049c13._.js:2297
[  306024ms] [WARNING] rotate not eligible for reset. Try splitting into individual properties @ http://localhost:3000/_next/static/chunks/d14e7_next_dist_51049c13._.js:2297
[  306030ms] [WARNING] rotate not eligible for reset. Try splitting into individual properties @ http://localhost:3000/_next/static/chunks/d14e7_next_dist_51049c13._.js:2297
[  306030ms] [WARNING] rotate not eligible for reset. Try splitting into individual properties @ http://localhost:3000/_next/static/chunks/d14e7_next_dist_51049c13._.js:2297
[  306035ms] [WARNING] rotate not eligible for reset. Try splitting into individual properties @ http://localhost:3000/_next/static/chunks/d14e7_next_dist_51049c13._.js:2297
[  306035ms] [WARNING] rotate not eligible for reset. Try splitting into individual properties @ http://localhost:3000/_next/static/chunks/d14e7_next_dist_51049c13._.js:2297
[  306041ms] [WARNING] rotate not eligible for reset. Try splitting into individual properties @ http://localhost:3000/_next/static/chunks/d14e7_next_dist_51049c13._.js:2297
[  306041ms] [WARNING] rotate not eligible for reset. Try splitting into individual properties @ http://localhost:3000/_next/static/chunks/d14e7_next_dist_51049c13._.js:2297
[  306048ms] [WARNING] rotate not eligible for reset. Try splitting into individual properties @ http://localhost:3000/_next/static/chunks/d14e7_next_dist_51049c13._.js:2297
[  306048ms] [WARNING] rotate not eligible for reset. Try splitting into individual properties @ http://localhost:3000/_next/static/chunks/d14e7_next_dist_51049c13._.js:2297
[  307521ms] [WARNING] rotate not eligible for reset. Try splitting into individual properties @ http://localhost:3000/_next/static/chunks/d14e7_next_dist_51049c13._.js:2297
[  307521ms] [WARNING] rotate not eligible for reset. Try splitting into individual properties @ http://localhost:3000/_next/static/chunks/d14e7_next_dist_51049c13._.js:2297
[  307527ms] [WARNING] rotate not eligible for reset. Try splitting into individual properties @ http://localhost:3000/_next/static/chunks/d14e7_next_dist_51049c13._.js:2297
[  307527ms] [WARNING] rotate not eligible for reset. Try splitting into individual properties @ http://localhost:3000/_next/static/chunks/d14e7_next_dist_51049c13._.js:2297
[  307541ms] [WARNING] rotate not eligible for reset. Try splitting into individual properties @ http://localhost:3000/_next/static/chunks/d14e7_next_dist_51049c13._.js:2297
[  307541ms] [WARNING] rotate not eligible for reset. Try splitting into individual properties @ http://localhost:3000/_next/static/chunks/d14e7_next_dist_51049c13._.js:2297
[  307548ms] [WARNING] rotate not eligible for reset. Try splitting into individual properties @ http://localhost:3000/_next/static/chunks/d14e7_next_dist_51049c13._.js:2297
[  307548ms] [WARNING] rotate not eligible for reset. Try splitting into individual properties @ http://localhost:3000/_next/static/chunks/d14e7_next_dist_51049c13._.js:2297
[  307555ms] [WARNING] rotate not eligible for reset. Try splitting into individual properties @ http://localhost:3000/_next/static/chunks/d14e7_next_dist_51049c13._.js:2297
[  307555ms] [WARNING] rotate not eligible for reset. Try splitting into individual properties @ http://localhost:3000/_next/static/chunks/d14e7_next_dist_51049c13._.js:2297
[  307562ms] [WARNING] rotate not eligible for reset. Try splitting into individual properties @ http://localhost:3000/_next/static/chunks/d14e7_next_dist_51049c13._.js:2297
[  307562ms] [WARNING] rotate not eligible for reset. Try splitting into individual properties @ http://localhost:3000/_next/static/chunks/d14e7_next_dist_51049c13._.js:2297
[  307569ms] [WARNING] rotate not eligible for reset. Try splitting into individual properties @ http://localhost:3000/_next/static/chunks/d14e7_next_dist_51049c13._.js:2297
[  307569ms] [WARNING] rotate not eligible for reset. Try splitting into individual properties @ http://localhost:3000/_next/static/chunks/d14e7_next_dist_51049c13._.js:2297
[  307576ms] [WARNING] rotate not eligible for reset. Try splitting into individual properties @ http://localhost:3000/_next/static/chunks/d14e7_next_dist_51049c13._.js:2297
[  307576ms] [WARNING] rotate not eligible for reset. Try splitting into individual properties @ http://localhost:3000/_next/static/chunks/d14e7_next_dist_51049c13._.js:2297
[  307589ms] [WARNING] rotate not eligible for reset. Try splitting into individual properties @ http://localhost:3000/_next/static/chunks/d14e7_next_dist_51049c13._.js:2297
[  307590ms] [WARNING] rotate not eligible for reset. Try splitting into individual properties @ http://localhost:3000/_next/static/chunks/d14e7_next_dist_51049c13._.js:2297
[  307596ms] [WARNING] rotate not eligible for reset. Try splitting into individual properties @ http://localhost:3000/_next/static/chunks/d14e7_next_dist_51049c13._.js:2297
[  307597ms] [WARNING] rotate not eligible for reset. Try splitting into individual properties @ http://localhost:3000/_next/static/chunks/d14e7_next_dist_51049c13._.js:2297
[  307603ms] [WARNING] rotate not eligible for reset. Try splitting into individual properties @ http://localhost:3000/_next/static/chunks/d14e7_next_dist_51049c13._.js:2297
[  307604ms] [WARNING] rotate not eligible for reset. Try splitting into individual properties @ http://localhost:3000/_next/static/chunks/d14e7_next_dist_51049c13._.js:2297
[  307610ms] [WARNING] rotate not eligible for reset. Try splitting into individual properties @ http://localhost:3000/_next/static/chunks/d14e7_next_dist_51049c13._.js:2297
[  307611ms] [WARNING] rotate not eligible for reset. Try splitting into individual properties @ http://localhost:3000/_next/static/chunks/d14e7_next_dist_51049c13._.js:2297
[  308293ms] [WARNING] rotate not eligible for reset. Try splitting into individual properties @ http://localhost:3000/_next/static/chunks/d14e7_next_dist_51049c13._.js:2297
[  308293ms] [WARNING] rotate not eligible for reset. Try splitting into individual properties @ http://localhost:3000/_next/static/chunks/d14e7_next_dist_51049c13._.js:2297
[  308301ms] [WARNING] rotate not eligible for reset. Try splitting into individual properties @ http://localhost:3000/_next/static/chunks/d14e7_next_dist_51049c13._.js:2297
[  308302ms] [WARNING] rotate not eligible for reset. Try splitting into individual properties @ http://localhost:3000/_next/static/chunks/d14e7_next_dist_51049c13._.js:2297
[  308312ms] [WARNING] rotate not eligible for reset. Try splitting into individual properties @ http://localhost:3000/_next/static/chunks/d14e7_next_dist_51049c13._.js:2297
[  308312ms] [WARNING] rotate not eligible for reset. Try splitting into individual properties @ http://localhost:3000/_next/static/chunks/d14e7_next_dist_51049c13._.js:2297
[  308321ms] [WARNING] rotate not eligible for reset. Try splitting into individual properties @ http://localhost:3000/_next/static/chunks/d14e7_next_dist_51049c13._.js:2297
[  308321ms] [WARNING] rotate not eligible for reset. Try splitting into individual properties @ http://localhost:3000/_next/static/chunks/d14e7_next_dist_51049c13._.js:2297
[  308329ms] [WARNING] rotate not eligible for reset. Try splitting into individual properties @ http://localhost:3000/_next/static/chunks/d14e7_next_dist_51049c13._.js:2297
[  308329ms] [WARNING] rotate not eligible for reset. Try splitting into individual properties @ http://localhost:3000/_next/static/chunks/d14e7_next_dist_51049c13._.js:2297
[  308340ms] [WARNING] rotate not eligible for reset. Try splitting into individual properties @ http://localhost:3000/_next/static/chunks/d14e7_next_dist_51049c13._.js:2297
[  308340ms] [WARNING] rotate not eligible for reset. Try splitting into individual properties @ http://localhost:3000/_next/static/chunks/d14e7_next_dist_51049c13._.js:2297
[  308350ms] [WARNING] rotate not eligible for reset. Try splitting into individual properties @ http://localhost:3000/_next/static/chunks/d14e7_next_dist_51049c13._.js:2297
[  308350ms] [WARNING] rotate not eligible for reset. Try splitting into individual properties @ http://localhost:3000/_next/static/chunks/d14e7_next_dist_51049c13._.js:2297
[  308363ms] [WARNING] rotate not eligible for reset. Try splitting into individual properties @ http://localhost:3000/_next/static/chunks/d14e7_next_dist_51049c13._.js:2297
[  308363ms] [WARNING] rotate not eligible for reset. Try splitting into individual properties @ http://localhost:3000/_next/static/chunks/d14e7_next_dist_51049c13._.js:2297
[  308720ms] [WARNING] Invalid scope @ http://localhost:3000/_next/static/chunks/d14e7_next_dist_51049c13._.js:2297
[  308859ms] [WARNING] Invalid scope @ http://localhost:3000/_next/static/chunks/d14e7_next_dist_51049c13._.js:2297
[  333027ms] [LOG] [Fast Refresh] rebuilding @ http://localhost:3000/_next/static/chunks/d14e7_next_dist_51049c13._.js:2297
[  333286ms] [LOG] [Fast Refresh] done in 363ms @ http://localhost:3000/_next/static/chunks/d14e7_next_dist_51049c13._.js:2297
[  354530ms] [LOG] [Fast Refresh] rebuilding @ http://localhost:3000/_next/static/chunks/d14e7_next_dist_51049c13._.js:2297
[  354734ms] [LOG] [Fast Refresh] done in 305ms @ http://localhost:3000/_next/static/chunks/d14e7_next_dist_51049c13._.js:2297
[  355791ms] [LOG] [Fast Refresh] rebuilding @ http://localhost:3000/_next/static/chunks/d14e7_next_dist_51049c13._.js:2297
[  356143ms] [LOG] [Fast Refresh] done in 458ms @ http://localhost:3000/_next/static/chunks/d14e7_next_dist_51049c13._.js:2297
[  357230ms] [LOG] [Fast Refresh] rebuilding @ http://localhost:3000/_next/static/chunks/d14e7_next_dist_51049c13._.js:2297
[  357492ms] [LOG] [Fast Refresh] done in 371ms @ http://localhost:3000/_next/static/chunks/d14e7_next_dist_51049c13._.js:2297
[  358552ms] [LOG] [Fast Refresh] rebuilding @ http://localhost:3000/_next/static/chunks/d14e7_next_dist_51049c13._.js:2297
[  358770ms] [LOG] [Fast Refresh] done in 327ms @ http://localhost:3000/_next/static/chunks/d14e7_next_dist_51049c13._.js:2297
[  359831ms] [LOG] [Fast Refresh] rebuilding @ http://localhost:3000/_next/static/chunks/d14e7_next_dist_51049c13._.js:2297
[  360022ms] [LOG] [Fast Refresh] done in 300ms @ http://localhost:3000/_next/static/chunks/d14e7_next_dist_51049c13._.js:2297
[  361084ms] [LOG] [Fast Refresh] rebuilding @ http://localhost:3000/_next/static/chunks/d14e7_next_dist_51049c13._.js:2297
[  361257ms] [LOG] [Fast Refresh] done in 289ms @ http://localhost:3000/_next/static/chunks/d14e7_next_dist_51049c13._.js:2297
[  362300ms] [LOG] [Fast Refresh] rebuilding @ http://localhost:3000/_next/static/chunks/d14e7_next_dist_51049c13._.js:2297
[  362410ms] [LOG] [Fast Refresh] done in 215ms @ http://localhost:3000/_next/static/chunks/d14e7_next_dist_51049c13._.js:2297
[  363473ms] [LOG] [Fast Refresh] rebuilding @ http://localhost:3000/_next/static/chunks/d14e7_next_dist_51049c13._.js:2297
[  363666ms] [LOG] [Fast Refresh] done in 299ms @ http://localhost:3000/_next/static/chunks/d14e7_next_dist_51049c13._.js:2297
[  364743ms] [LOG] [Fast Refresh] rebuilding @ http://localhost:3000/_next/static/chunks/d14e7_next_dist_51049c13._.js:2297
[  364953ms] [LOG] [Fast Refresh] done in 318ms @ http://localhost:3000/_next/static/chunks/d14e7_next_dist_51049c13._.js:2297
[  366051ms] [LOG] [Fast Refresh] rebuilding @ http://localhost:3000/_next/static/chunks/d14e7_next_dist_51049c13._.js:2297
[  366333ms] [LOG] [Fast Refresh] done in 390ms @ http://localhost:3000/_next/static/chunks/d14e7_next_dist_51049c13._.js:2297
[  367557ms] [LOG] [Fast Refresh] rebuilding @ http://localhost:3000/_next/static/chunks/d14e7_next_dist_51049c13._.js:2297
[  367650ms] [LOG] [Fast Refresh] done in 212ms @ http://localhost:3000/_next/static/chunks/d14e7_next_dist_51049c13._.js:2297
[  368704ms] [LOG] [Fast Refresh] rebuilding @ http://localhost:3000/_next/static/chunks/d14e7_next_dist_51049c13._.js:2297
[  368779ms] [LOG] [Fast Refresh] done in 179ms @ http://localhost:3000/_next/static/chunks/d14e7_next_dist_51049c13._.js:2297
[  369872ms] [LOG] [Fast Refresh] rebuilding @ http://localhost:3000/_next/static/chunks/d14e7_next_dist_51049c13._.js:2297
[  370154ms] [LOG] [Fast Refresh] done in 381ms @ http://localhost:3000/_next/static/chunks/d14e7_next_dist_51049c13._.js:2297
[  371214ms] [LOG] [Fast Refresh] rebuilding @ http://localhost:3000/_next/static/chunks/d14e7_next_dist_51049c13._.js:2297
[  371384ms] [LOG] [Fast Refresh] done in 271ms @ http://localhost:3000/_next/static/chunks/d14e7_next_dist_51049c13._.js:2297
[  372461ms] [LOG] [Fast Refresh] rebuilding @ http://localhost:3000/_next/static/chunks/d14e7_next_dist_51049c13._.js:2297
[  372660ms] [LOG] [Fast Refresh] done in 311ms @ http://localhost:3000/_next/static/chunks/d14e7_next_dist_51049c13._.js:2297
[  373738ms] [LOG] [Fast Refresh] rebuilding @ http://localhost:3000/_next/static/chunks/d14e7_next_dist_51049c13._.js:2297
[  373821ms] [LOG] [Fast Refresh] done in 191ms @ http://localhost:3000/_next/static/chunks/d14e7_next_dist_51049c13._.js:2297
[  374882ms] [LOG] [Fast Refresh] rebuilding @ http://localhost:3000/_next/static/chunks/d14e7_next_dist_51049c13._.js:2297
[  374944ms] [LOG] [Fast Refresh] done in 178ms @ http://localhost:3000/_next/static/chunks/d14e7_next_dist_51049c13._.js:2297
[  375990ms] [LOG] [Fast Refresh] rebuilding @ http://localhost:3000/_next/static/chunks/d14e7_next_dist_51049c13._.js:2297
[  376080ms] [LOG] [Fast Refresh] done in 193ms @ http://localhost:3000/_next/static/chunks/d14e7_next_dist_51049c13._.js:2297
[  377156ms] [LOG] [Fast Refresh] rebuilding @ http://localhost:3000/_next/static/chunks/d14e7_next_dist_51049c13._.js:2297
[  377258ms] [LOG] [Fast Refresh] done in 218ms @ http://localhost:3000/_next/static/chunks/d14e7_next_dist_51049c13._.js:2297
[  378325ms] [LOG] [Fast Refresh] rebuilding @ http://localhost:3000/_next/static/chunks/d14e7_next_dist_51049c13._.js:2297
[  378389ms] [LOG] [Fast Refresh] done in 179ms @ http://localhost:3000/_next/static/chunks/d14e7_next_dist_51049c13._.js:2297
[  379569ms] [LOG] [Fast Refresh] rebuilding @ http://localhost:3000/_next/static/chunks/d14e7_next_dist_51049c13._.js:2297
[  379702ms] [LOG] [Fast Refresh] done in 242ms @ http://localhost:3000/_next/static/chunks/d14e7_next_dist_51049c13._.js:2297
[  380749ms] [LOG] [Fast Refresh] rebuilding @ http://localhost:3000/_next/static/chunks/d14e7_next_dist_51049c13._.js:2297
[  380892ms] [LOG] [Fast Refresh] done in 248ms @ http://localhost:3000/_next/static/chunks/d14e7_next_dist_51049c13._.js:2297
[  381948ms] [LOG] [Fast Refresh] rebuilding @ http://localhost:3000/_next/static/chunks/d14e7_next_dist_51049c13._.js:2297
[  382197ms] [LOG] [Fast Refresh] done in 353ms @ http://localhost:3000/_next/static/chunks/d14e7_next_dist_51049c13._.js:2297
[  383247ms] [LOG] [Fast Refresh] rebuilding @ http://localhost:3000/_next/static/chunks/d14e7_next_dist_51049c13._.js:2297
[  383321ms] [LOG] [Fast Refresh] done in 178ms @ http://localhost:3000/_next/static/chunks/d14e7_next_dist_51049c13._.js:2297
[  384370ms] [LOG] [Fast Refresh] rebuilding @ http://localhost:3000/_next/static/chunks/d14e7_next_dist_51049c13._.js:2297
[  384458ms] [LOG] [Fast Refresh] done in 190ms @ http://localhost:3000/_next/static/chunks/d14e7_next_dist_51049c13._.js:2297
[  385522ms] [LOG] [Fast Refresh] rebuilding @ http://localhost:3000/_next/static/chunks/d14e7_next_dist_51049c13._.js:2297
[  385614ms] [LOG] [Fast Refresh] done in 208ms @ http://localhost:3000/_next/static/chunks/d14e7_next_dist_51049c13._.js:2297
[  386685ms] [LOG] [Fast Refresh] rebuilding @ http://localhost:3000/_next/static/chunks/d14e7_next_dist_51049c13._.js:2297
[  386755ms] [LOG] [Fast Refresh] done in 183ms @ http://localhost:3000/_next/static/chunks/d14e7_next_dist_51049c13._.js:2297
[  387815ms] [LOG] [Fast Refresh] rebuilding @ http://localhost:3000/_next/static/chunks/d14e7_next_dist_51049c13._.js:2297
[  387929ms] [LOG] [Fast Refresh] done in 227ms @ http://localhost:3000/_next/static/chunks/d14e7_next_dist_51049c13._.js:2297
[  388995ms] [LOG] [Fast Refresh] rebuilding @ http://localhost:3000/_next/static/chunks/d14e7_next_dist_51049c13._.js:2297
[  389058ms] [LOG] [Fast Refresh] done in 174ms @ http://localhost:3000/_next/static/chunks/d14e7_next_dist_51049c13._.js:2297
[  390120ms] [LOG] [Fast Refresh] rebuilding @ http://localhost:3000/_next/static/chunks/d14e7_next_dist_51049c13._.js:2297
[  390209ms] [LOG] [Fast Refresh] done in 200ms @ http://localhost:3000/_next/static/chunks/d14e7_next_dist_51049c13._.js:2297
[  394104ms] [WARNING] rotate not eligible for reset. Try splitting into individual properties @ http://localhost:3000/_next/static/chunks/d14e7_next_dist_51049c13._.js:2297
[  394105ms] [WARNING] rotate not eligible for reset. Try splitting into individual properties @ http://localhost:3000/_next/static/chunks/d14e7_next_dist_51049c13._.js:2297
[  394111ms] [WARNING] rotate not eligible for reset. Try splitting into individual properties @ http://localhost:3000/_next/static/chunks/d14e7_next_dist_51049c13._.js:2297
[  394112ms] [WARNING] rotate not eligible for reset. Try splitting into individual properties @ http://localhost:3000/_next/static/chunks/d14e7_next_dist_51049c13._.js:2297
[  394118ms] [WARNING] rotate not eligible for reset. Try splitting into individual properties @ http://localhost:3000/_next/static/chunks/d14e7_next_dist_51049c13._.js:2297
[  394118ms] [WARNING] rotate not eligible for reset. Try splitting into individual properties @ http://localhost:3000/_next/static/chunks/d14e7_next_dist_51049c13._.js:2297
[  394126ms] [WARNING] rotate not eligible for reset. Try splitting into individual properties @ http://localhost:3000/_next/static/chunks/d14e7_next_dist_51049c13._.js:2297
[  394126ms] [WARNING] rotate not eligible for reset. Try splitting into individual properties @ http://localhost:3000/_next/static/chunks/d14e7_next_dist_51049c13._.js:2297
[  394134ms] [WARNING] rotate not eligible for reset. Try splitting into individual properties @ http://localhost:3000/_next/static/chunks/d14e7_next_dist_51049c13._.js:2297
[  394134ms] [WARNING] rotate not eligible for reset. Try splitting into individual properties @ http://localhost:3000/_next/static/chunks/d14e7_next_dist_51049c13._.js:2297
[  394140ms] [WARNING] rotate not eligible for reset. Try splitting into individual properties @ http://localhost:3000/_next/static/chunks/d14e7_next_dist_51049c13._.js:2297
[  394140ms] [WARNING] rotate not eligible for reset. Try splitting into individual properties @ http://localhost:3000/_next/static/chunks/d14e7_next_dist_51049c13._.js:2297
[  394147ms] [WARNING] rotate not eligible for reset. Try splitting into individual properties @ http://localhost:3000/_next/static/chunks/d14e7_next_dist_51049c13._.js:2297
[  394148ms] [WARNING] rotate not eligible for reset. Try splitting into individual properties @ http://localhost:3000/_next/static/chunks/d14e7_next_dist_51049c13._.js:2297
[  394154ms] [WARNING] rotate not eligible for reset. Try splitting into individual properties @ http://localhost:3000/_next/static/chunks/d14e7_next_dist_51049c13._.js:2297
[  394154ms] [WARNING] rotate not eligible for reset. Try splitting into individual properties @ http://localhost:3000/_next/static/chunks/d14e7_next_dist_51049c13._.js:2297
[  394167ms] [WARNING] rotate not eligible for reset. Try splitting into individual properties @ http://localhost:3000/_next/static/chunks/d14e7_next_dist_51049c13._.js:2297
[  394168ms] [WARNING] rotate not eligible for reset. Try splitting into individual properties @ http://localhost:3000/_next/static/chunks/d14e7_next_dist_51049c13._.js:2297
[  394175ms] [WARNING] rotate not eligible for reset. Try splitting into individual properties @ http://localhost:3000/_next/static/chunks/d14e7_next_dist_51049c13._.js:2297
[  394175ms] [WARNING] rotate not eligible for reset. Try splitting into individual properties @ http://localhost:3000/_next/static/chunks/d14e7_next_dist_51049c13._.js:2297
[  394183ms] [WARNING] rotate not eligible for reset. Try splitting into individual properties @ http://localhost:3000/_next/static/chunks/d14e7_next_dist_51049c13._.js:2297
[  394183ms] [WARNING] rotate not eligible for reset. Try splitting into individual properties @ http://localhost:3000/_next/static/chunks/d14e7_next_dist_51049c13._.js:2297
[  394189ms] [WARNING] rotate not eligible for reset. Try splitting into individual properties @ http://localhost:3000/_next/static/chunks/d14e7_next_dist_51049c13._.js:2297
[  394190ms] [WARNING] rotate not eligible for reset. Try splitting into individual properties @ http://localhost:3000/_next/static/chunks/d14e7_next_dist_51049c13._.js:2297
[  394196ms] [WARNING] rotate not eligible for reset. Try splitting into individual properties @ http://localhost:3000/_next/static/chunks/d14e7_next_dist_51049c13._.js:2297
[  394196ms] [WARNING] rotate not eligible for reset. Try splitting into individual properties @ http://localhost:3000/_next/static/chunks/d14e7_next_dist_51049c13._.js:2297
[  394204ms] [WARNING] rotate not eligible for reset. Try splitting into individual properties @ http://localhost:3000/_next/static/chunks/d14e7_next_dist_51049c13._.js:2297
[  394205ms] [WARNING] rotate not eligible for reset. Try splitting into individual properties @ http://localhost:3000/_next/static/chunks/d14e7_next_dist_51049c13._.js:2297
[  394213ms] [WARNING] rotate not eligible for reset. Try splitting into individual properties @ http://localhost:3000/_next/static/chunks/d14e7_next_dist_51049c13._.js:2297
[  394213ms] [WARNING] rotate not eligible for reset. Try splitting into individual properties @ http://localhost:3000/_next/static/chunks/d14e7_next_dist_51049c13._.js:2297
[  394218ms] [WARNING] rotate not eligible for reset. Try splitting into individual properties @ http://localhost:3000/_next/static/chunks/d14e7_next_dist_51049c13._.js:2297
[  394218ms] [WARNING] rotate not eligible for reset. Try splitting into individual properties @ http://localhost:3000/_next/static/chunks/d14e7_next_dist_51049c13._.js:2297
[  410033ms] [LOG] [Fast Refresh] rebuilding @ http://localhost:3000/_next/static/chunks/d14e7_next_dist_51049c13._.js:2297
[  410271ms] [LOG] [Fast Refresh] done in 342ms @ http://localhost:3000/_next/static/chunks/d14e7_next_dist_51049c13._.js:2297
[  410909ms] [WARNING] rotate not eligible for reset. Try splitting into individual properties @ http://localhost:3000/_next/static/chunks/d14e7_next_dist_51049c13._.js:2297
[  410910ms] [WARNING] rotate not eligible for reset. Try splitting into individual properties @ http://localhost:3000/_next/static/chunks/d14e7_next_dist_51049c13._.js:2297
[  412617ms] [WARNING] rotate not eligible for reset. Try splitting into individual properties @ http://localhost:3000/_next/static/chunks/d14e7_next_dist_51049c13._.js:2297
[  412618ms] [WARNING] rotate not eligible for reset. Try splitting into individual properties @ http://localhost:3000/_next/static/chunks/d14e7_next_dist_51049c13._.js:2297
[  412624ms] [WARNING] rotate not eligible for reset. Try splitting into individual properties @ http://localhost:3000/_next/static/chunks/d14e7_next_dist_51049c13._.js:2297
[  412624ms] [WARNING] rotate not eligible for reset. Try splitting into individual properties @ http://localhost:3000/_next/static/chunks/d14e7_next_dist_51049c13._.js:2297
[  412632ms] [WARNING] rotate not eligible for reset. Try splitting into individual properties @ http://localhost:3000/_next/static/chunks/d14e7_next_dist_51049c13._.js:2297
[  412632ms] [WARNING] rotate not eligible for reset. Try splitting into individual properties @ http://localhost:3000/_next/static/chunks/d14e7_next_dist_51049c13._.js:2297
[  412646ms] [WARNING] rotate not eligible for reset. Try splitting into individual properties @ http://localhost:3000/_next/static/chunks/d14e7_next_dist_51049c13._.js:2297
[  412647ms] [WARNING] rotate not eligible for reset. Try splitting into individual properties @ http://localhost:3000/_next/static/chunks/d14e7_next_dist_51049c13._.js:2297
[  412652ms] [WARNING] rotate not eligible for reset. Try splitting into individual properties @ http://localhost:3000/_next/static/chunks/d14e7_next_dist_51049c13._.js:2297
[  412653ms] [WARNING] rotate not eligible for reset. Try splitting into individual properties @ http://localhost:3000/_next/static/chunks/d14e7_next_dist_51049c13._.js:2297
[  412659ms] [WARNING] rotate not eligible for reset. Try splitting into individual properties @ http://localhost:3000/_next/static/chunks/d14e7_next_dist_51049c13._.js:2297
[  412659ms] [WARNING] rotate not eligible for reset. Try splitting into individual properties @ http://localhost:3000/_next/static/chunks/d14e7_next_dist_51049c13._.js:2297
[  412666ms] [WARNING] rotate not eligible for reset. Try splitting into individual properties @ http://localhost:3000/_next/static/chunks/d14e7_next_dist_51049c13._.js:2297
[  412666ms] [WARNING] rotate not eligible for reset. Try splitting into individual properties @ http://localhost:3000/_next/static/chunks/d14e7_next_dist_51049c13._.js:2297
[  412673ms] [WARNING] rotate not eligible for reset. Try splitting into individual properties @ http://localhost:3000/_next/static/chunks/d14e7_next_dist_51049c13._.js:2297
[  412673ms] [WARNING] rotate not eligible for reset. Try splitting into individual properties @ http://localhost:3000/_next/static/chunks/d14e7_next_dist_51049c13._.js:2297
[  412687ms] [WARNING] rotate not eligible for reset. Try splitting into individual properties @ http://localhost:3000/_next/static/chunks/d14e7_next_dist_51049c13._.js:2297
[  412687ms] [WARNING] rotate not eligible for reset. Try splitting into individual properties @ http://localhost:3000/_next/static/chunks/d14e7_next_dist_51049c13._.js:2297
[  412694ms] [WARNING] rotate not eligible for reset. Try splitting into individual properties @ http://localhost:3000/_next/static/chunks/d14e7_next_dist_51049c13._.js:2297
[  412694ms] [WARNING] rotate not eligible for reset. Try splitting into individual properties @ http://localhost:3000/_next/static/chunks/d14e7_next_dist_51049c13._.js:2297
[  412701ms] [WARNING] rotate not eligible for reset. Try splitting into individual properties @ http://localhost:3000/_next/static/chunks/d14e7_next_dist_51049c13._.js:2297
[  412701ms] [WARNING] rotate not eligible for reset. Try splitting into individual properties @ http://localhost:3000/_next/static/chunks/d14e7_next_dist_51049c13._.js:2297
[  412709ms] [WARNING] rotate not eligible for reset. Try splitting into individual properties @ http://localhost:3000/_next/static/chunks/d14e7_next_dist_51049c13._.js:2297
[  412709ms] [WARNING] rotate not eligible for reset. Try splitting into individual properties @ http://localhost:3000/_next/static/chunks/d14e7_next_dist_51049c13._.js:2297
[  412715ms] [WARNING] rotate not eligible for reset. Try splitting into individual properties @ http://localhost:3000/_next/static/chunks/d14e7_next_dist_51049c13._.js:2297
[  412715ms] [WARNING] rotate not eligible for reset. Try splitting into individual properties @ http://localhost:3000/_next/static/chunks/d14e7_next_dist_51049c13._.js:2297
[  412722ms] [WARNING] rotate not eligible for reset. Try splitting into individual properties @ http://localhost:3000/_next/static/chunks/d14e7_next_dist_51049c13._.js:2297
[  412722ms] [WARNING] rotate not eligible for reset. Try splitting into individual properties @ http://localhost:3000/_next/static/chunks/d14e7_next_dist_51049c13._.js:2297
[  412729ms] [WARNING] rotate not eligible for reset. Try splitting into individual properties @ http://localhost:3000/_next/static/chunks/d14e7_next_dist_51049c13._.js:2297
[  412729ms] [WARNING] rotate not eligible for reset. Try splitting into individual properties @ http://localhost:3000/_next/static/chunks/d14e7_next_dist_51049c13._.js:2297
[  412736ms] [WARNING] rotate not eligible for reset. Try splitting into individual properties @ http://localhost:3000/_next/static/chunks/d14e7_next_dist_51049c13._.js:2297
[  412737ms] [WARNING] rotate not eligible for reset. Try splitting into individual properties @ http://localhost:3000/_next/static/chunks/d14e7_next_dist_51049c13._.js:2297
[  412745ms] [WARNING] rotate not eligible for reset. Try splitting into individual properties @ http://localhost:3000/_next/static/chunks/d14e7_next_dist_51049c13._.js:2297
[  412745ms] [WARNING] rotate not eligible for reset. Try splitting into individual properties @ http://localhost:3000/_next/static/chunks/d14e7_next_dist_51049c13._.js:2297
[  412756ms] [WARNING] rotate not eligible for reset. Try splitting into individual properties @ http://localhost:3000/_next/static/chunks/d14e7_next_dist_51049c13._.js:2297
[  412757ms] [WARNING] rotate not eligible for reset. Try splitting into individual properties @ http://localhost:3000/_next/static/chunks/d14e7_next_dist_51049c13._.js:2297
[  412764ms] [WARNING] rotate not eligible for reset. Try splitting into individual properties @ http://localhost:3000/_next/static/chunks/d14e7_next_dist_51049c13._.js:2297
[  412764ms] [WARNING] rotate not eligible for reset. Try splitting into individual properties @ http://localhost:3000/_next/static/chunks/d14e7_next_dist_51049c13._.js:2297
[  412770ms] [WARNING] rotate not eligible for reset. Try splitting into individual properties @ http://localhost:3000/_next/static/chunks/d14e7_next_dist_51049c13._.js:2297
[  412771ms] [WARNING] rotate not eligible for reset. Try splitting into individual properties @ http://localhost:3000/_next/static/chunks/d14e7_next_dist_51049c13._.js:2297
[  412777ms] [WARNING] rotate not eligible for reset. Try splitting into individual properties @ http://localhost:3000/_next/static/chunks/d14e7_next_dist_51049c13._.js:2297
[  412778ms] [WARNING] rotate not eligible for reset. Try splitting into individual properties @ http://localhost:3000/_next/static/chunks/d14e7_next_dist_51049c13._.js:2297
[  412791ms] [WARNING] rotate not eligible for reset. Try splitting into individual properties @ http://localhost:3000/_next/static/chunks/d14e7_next_dist_51049c13._.js:2297
[  412791ms] [WARNING] rotate not eligible for reset. Try splitting into individual properties @ http://localhost:3000/_next/static/chunks/d14e7_next_dist_51049c13._.js:2297
[  412805ms] [WARNING] rotate not eligible for reset. Try splitting into individual properties @ http://localhost:3000/_next/static/chunks/d14e7_next_dist_51049c13._.js:2297
[  412805ms] [WARNING] rotate not eligible for reset. Try splitting into individual properties @ http://localhost:3000/_next/static/chunks/d14e7_next_dist_51049c13._.js:2297
[  412834ms] [WARNING] rotate not eligible for reset. Try splitting into individual properties @ http://localhost:3000/_next/static/chunks/d14e7_next_dist_51049c13._.js:2297
[  412835ms] [WARNING] rotate not eligible for reset. Try splitting into individual properties @ http://localhost:3000/_next/static/chunks/d14e7_next_dist_51049c13._.js:2297
[  412840ms] [WARNING] rotate not eligible for reset. Try splitting into individual properties @ http://localhost:3000/_next/static/chunks/d14e7_next_dist_51049c13._.js:2297
[  412840ms] [WARNING] rotate not eligible for reset. Try splitting into individual properties @ http://localhost:3000/_next/static/chunks/d14e7_next_dist_51049c13._.js:2297
[  412854ms] [WARNING] rotate not eligible for reset. Try splitting into individual properties @ http://localhost:3000/_next/static/chunks/d14e7_next_dist_51049c13._.js:2297
[  412854ms] [WARNING] rotate not eligible for reset. Try splitting into individual properties @ http://localhost:3000/_next/static/chunks/d14e7_next_dist_51049c13._.js:2297
[  412861ms] [WARNING] rotate not eligible for reset. Try splitting into individual properties @ http://localhost:3000/_next/static/chunks/d14e7_next_dist_51049c13._.js:2297
[  412861ms] [WARNING] rotate not eligible for reset. Try splitting into individual properties @ http://localhost:3000/_next/static/chunks/d14e7_next_dist_51049c13._.js:2297
[  412868ms] [WARNING] rotate not eligible for reset. Try splitting into individual properties @ http://localhost:3000/_next/static/chunks/d14e7_next_dist_51049c13._.js:2297
[  412868ms] [WARNING] rotate not eligible for reset. Try splitting into individual properties @ http://localhost:3000/_next/static/chunks/d14e7_next_dist_51049c13._.js:2297
[  412876ms] [WARNING] rotate not eligible for reset. Try splitting into individual properties @ http://localhost:3000/_next/static/chunks/d14e7_next_dist_51049c13._.js:2297
[  412876ms] [WARNING] rotate not eligible for reset. Try splitting into individual properties @ http://localhost:3000/_next/static/chunks/d14e7_next_dist_51049c13._.js:2297
[  412884ms] [WARNING] rotate not eligible for reset. Try splitting into individual properties @ http://localhost:3000/_next/static/chunks/d14e7_next_dist_51049c13._.js:2297
[  412884ms] [WARNING] rotate not eligible for reset. Try splitting into individual properties @ http://localhost:3000/_next/static/chunks/d14e7_next_dist_51049c13._.js:2297
[  412890ms] [WARNING] rotate not eligible for reset. Try splitting into individual properties @ http://localhost:3000/_next/static/chunks/d14e7_next_dist_51049c13._.js:2297
[  412890ms] [WARNING] rotate not eligible for reset. Try splitting into individual properties @ http://localhost:3000/_next/static/chunks/d14e7_next_dist_51049c13._.js:2297
[  412904ms] [WARNING] rotate not eligible for reset. Try splitting into individual properties @ http://localhost:3000/_next/static/chunks/d14e7_next_dist_51049c13._.js:2297
[  412904ms] [WARNING] rotate not eligible for reset. Try splitting into individual properties @ http://localhost:3000/_next/static/chunks/d14e7_next_dist_51049c13._.js:2297
[  412910ms] [WARNING] rotate not eligible for reset. Try splitting into individual properties @ http://localhost:3000/_next/static/chunks/d14e7_next_dist_51049c13._.js:2297
[  412910ms] [WARNING] rotate not eligible for reset. Try splitting into individual properties @ http://localhost:3000/_next/static/chunks/d14e7_next_dist_51049c13._.js:2297
[  412919ms] [WARNING] rotate not eligible for reset. Try splitting into individual properties @ http://localhost:3000/_next/static/chunks/d14e7_next_dist_51049c13._.js:2297
[  412919ms] [WARNING] rotate not eligible for reset. Try splitting into individual properties @ http://localhost:3000/_next/static/chunks/d14e7_next_dist_51049c13._.js:2297
[  412927ms] [WARNING] rotate not eligible for reset. Try splitting into individual properties @ http://localhost:3000/_next/static/chunks/d14e7_next_dist_51049c13._.js:2297
[  412927ms] [WARNING] rotate not eligible for reset. Try splitting into individual properties @ http://localhost:3000/_next/static/chunks/d14e7_next_dist_51049c13._.js:2297
[  412932ms] [WARNING] rotate not eligible for reset. Try splitting into individual properties @ http://localhost:3000/_next/static/chunks/d14e7_next_dist_51049c13._.js:2297
[  412932ms] [WARNING] rotate not eligible for reset. Try splitting into individual properties @ http://localhost:3000/_next/static/chunks/d14e7_next_dist_51049c13._.js:2297
[  412940ms] [WARNING] rotate not eligible for reset. Try splitting into individual properties @ http://localhost:3000/_next/static/chunks/d14e7_next_dist_51049c13._.js:2297
[  412940ms] [WARNING] rotate not eligible for reset. Try splitting into individual properties @ http://localhost:3000/_next/static/chunks/d14e7_next_dist_51049c13._.js:2297
[  412946ms] [WARNING] rotate not eligible for reset. Try splitting into individual properties @ http://localhost:3000/_next/static/chunks/d14e7_next_dist_51049c13._.js:2297
[  412946ms] [WARNING] rotate not eligible for reset. Try splitting into individual properties @ http://localhost:3000/_next/static/chunks/d14e7_next_dist_51049c13._.js:2297
[  412959ms] [WARNING] rotate not eligible for reset. Try splitting into individual properties @ http://localhost:3000/_next/static/chunks/d14e7_next_dist_51049c13._.js:2297
[  412959ms] [WARNING] rotate not eligible for reset. Try splitting into individual properties @ http://localhost:3000/_next/static/chunks/d14e7_next_dist_51049c13._.js:2297
[  412966ms] [WARNING] rotate not eligible for reset. Try splitting into individual properties @ http://localhost:3000/_next/static/chunks/d14e7_next_dist_51049c13._.js:2297
[  412966ms] [WARNING] rotate not eligible for reset. Try splitting into individual properties @ http://localhost:3000/_next/static/chunks/d14e7_next_dist_51049c13._.js:2297
[  412973ms] [WARNING] rotate not eligible for reset. Try splitting into individual properties @ http://localhost:3000/_next/static/chunks/d14e7_next_dist_51049c13._.js:2297
[  412974ms] [WARNING] rotate not eligible for reset. Try splitting into individual properties @ http://localhost:3000/_next/static/chunks/d14e7_next_dist_51049c13._.js:2297
[  412980ms] [WARNING] rotate not eligible for reset. Try splitting into individual properties @ http://localhost:3000/_next/static/chunks/d14e7_next_dist_51049c13._.js:2297
[  412980ms] [WARNING] rotate not eligible for reset. Try splitting into individual properties @ http://localhost:3000/_next/static/chunks/d14e7_next_dist_51049c13._.js:2297
[  412987ms] [WARNING] rotate not eligible for reset. Try splitting into individual properties @ http://localhost:3000/_next/static/chunks/d14e7_next_dist_51049c13._.js:2297
[  412987ms] [WARNING] rotate not eligible for reset. Try splitting into individual properties @ http://localhost:3000/_next/static/chunks/d14e7_next_dist_51049c13._.js:2297
[  412992ms] [WARNING] rotate not eligible for reset. Try splitting into individual properties @ http://localhost:3000/_next/static/chunks/d14e7_next_dist_51049c13._.js:2297
[  412993ms] [WARNING] rotate not eligible for reset. Try splitting into individual properties @ http://localhost:3000/_next/static/chunks/d14e7_next_dist_51049c13._.js:2297
[  417140ms] [WARNING] rotate not eligible for reset. Try splitting into individual properties @ http://localhost:3000/_next/static/chunks/d14e7_next_dist_51049c13._.js:2297
[  417140ms] [WARNING] rotate not eligible for reset. Try splitting into individual properties @ http://localhost:3000/_next/static/chunks/d14e7_next_dist_51049c13._.js:2297
[  417148ms] [WARNING] rotate not eligible for reset. Try splitting into individual properties @ http://localhost:3000/_next/static/chunks/d14e7_next_dist_51049c13._.js:2297
[  417148ms] [WARNING] rotate not eligible for reset. Try splitting into individual properties @ http://localhost:3000/_next/static/chunks/d14e7_next_dist_51049c13._.js:2297
[  417154ms] [WARNING] rotate not eligible for reset. Try splitting into individual properties @ http://localhost:3000/_next/static/chunks/d14e7_next_dist_51049c13._.js:2297
[  417154ms] [WARNING] rotate not eligible for reset. Try splitting into individual properties @ http://localhost:3000/_next/static/chunks/d14e7_next_dist_51049c13._.js:2297
[  417160ms] [WARNING] rotate not eligible for reset. Try splitting into individual properties @ http://localhost:3000/_next/static/chunks/d14e7_next_dist_51049c13._.js:2297
[  417160ms] [WARNING] rotate not eligible for reset. Try splitting into individual properties @ http://localhost:3000/_next/static/chunks/d14e7_next_dist_51049c13._.js:2297
[  417173ms] [WARNING] rotate not eligible for reset. Try splitting into individual properties @ http://localhost:3000/_next/static/chunks/d14e7_next_dist_51049c13._.js:2297
[  417173ms] [WARNING] rotate not eligible for reset. Try splitting into individual properties @ http://localhost:3000/_next/static/chunks/d14e7_next_dist_51049c13._.js:2297
[  417180ms] [WARNING] rotate not eligible for reset. Try splitting into individual properties @ http://localhost:3000/_next/static/chunks/d14e7_next_dist_51049c13._.js:2297
[  417180ms] [WARNING] rotate not eligible for reset. Try splitting into individual properties @ http://localhost:3000/_next/static/chunks/d14e7_next_dist_51049c13._.js:2297
[  417187ms] [WARNING] rotate not eligible for reset. Try splitting into individual properties @ http://localhost:3000/_next/static/chunks/d14e7_next_dist_51049c13._.js:2297
[  417187ms] [WARNING] rotate not eligible for reset. Try splitting into individual properties @ http://localhost:3000/_next/static/chunks/d14e7_next_dist_51049c13._.js:2297
[  417194ms] [WARNING] rotate not eligible for reset. Try splitting into individual properties @ http://localhost:3000/_next/static/chunks/d14e7_next_dist_51049c13._.js:2297
[  417194ms] [WARNING] rotate not eligible for reset. Try splitting into individual properties @ http://localhost:3000/_next/static/chunks/d14e7_next_dist_51049c13._.js:2297
[  417201ms] [WARNING] rotate not eligible for reset. Try splitting into individual properties @ http://localhost:3000/_next/static/chunks/d14e7_next_dist_51049c13._.js:2297
[  417201ms] [WARNING] rotate not eligible for reset. Try splitting into individual properties @ http://localhost:3000/_next/static/chunks/d14e7_next_dist_51049c13._.js:2297
[  417208ms] [WARNING] rotate not eligible for reset. Try splitting into individual properties @ http://localhost:3000/_next/static/chunks/d14e7_next_dist_51049c13._.js:2297
[  417208ms] [WARNING] rotate not eligible for reset. Try splitting into individual properties @ http://localhost:3000/_next/static/chunks/d14e7_next_dist_51049c13._.js:2297
[  417222ms] [WARNING] rotate not eligible for reset. Try splitting into individual properties @ http://localhost:3000/_next/static/chunks/d14e7_next_dist_51049c13._.js:2297
[  417222ms] [WARNING] rotate not eligible for reset. Try splitting into individual properties @ http://localhost:3000/_next/static/chunks/d14e7_next_dist_51049c13._.js:2297
[  417228ms] [WARNING] rotate not eligible for reset. Try splitting into individual properties @ http://localhost:3000/_next/static/chunks/d14e7_next_dist_51049c13._.js:2297
[  417229ms] [WARNING] rotate not eligible for reset. Try splitting into individual properties @ http://localhost:3000/_next/static/chunks/d14e7_next_dist_51049c13._.js:2297
[  417236ms] [WARNING] rotate not eligible for reset. Try splitting into individual properties @ http://localhost:3000/_next/static/chunks/d14e7_next_dist_51049c13._.js:2297
[  417236ms] [WARNING] rotate not eligible for reset. Try splitting into individual properties @ http://localhost:3000/_next/static/chunks/d14e7_next_dist_51049c13._.js:2297
[  417361ms] [WARNING] rotate not eligible for reset. Try splitting into individual properties @ http://localhost:3000/_next/static/chunks/d14e7_next_dist_51049c13._.js:2297
[  417361ms] [WARNING] rotate not eligible for reset. Try splitting into individual properties @ http://localhost:3000/_next/static/chunks/d14e7_next_dist_51049c13._.js:2297
[  417371ms] [WARNING] rotate not eligible for reset. Try splitting into individual properties @ http://localhost:3000/_next/static/chunks/d14e7_next_dist_51049c13._.js:2297
[  417371ms] [WARNING] rotate not eligible for reset. Try splitting into individual properties @ http://localhost:3000/_next/static/chunks/d14e7_next_dist_51049c13._.js:2297
[  417375ms] [WARNING] rotate not eligible for reset. Try splitting into individual properties @ http://localhost:3000/_next/static/chunks/d14e7_next_dist_51049c13._.js:2297
[  417376ms] [WARNING] rotate not eligible for reset. Try splitting into individual properties @ http://localhost:3000/_next/static/chunks/d14e7_next_dist_51049c13._.js:2297
[  417389ms] [WARNING] rotate not eligible for reset. Try splitting into individual properties @ http://localhost:3000/_next/static/chunks/d14e7_next_dist_51049c13._.js:2297
[  417389ms] [WARNING] rotate not eligible for reset. Try splitting into individual properties @ http://localhost:3000/_next/static/chunks/d14e7_next_dist_51049c13._.js:2297
[  417395ms] [WARNING] rotate not eligible for reset. Try splitting into individual properties @ http://localhost:3000/_next/static/chunks/d14e7_next_dist_51049c13._.js:2297
[  417395ms] [WARNING] rotate not eligible for reset. Try splitting into individual properties @ http://localhost:3000/_next/static/chunks/d14e7_next_dist_51049c13._.js:2297
[  417402ms] [WARNING] rotate not eligible for reset. Try splitting into individual properties @ http://localhost:3000/_next/static/chunks/d14e7_next_dist_51049c13._.js:2297
[  417402ms] [WARNING] rotate not eligible for reset. Try splitting into individual properties @ http://localhost:3000/_next/static/chunks/d14e7_next_dist_51049c13._.js:2297
[  417409ms] [WARNING] rotate not eligible for reset. Try splitting into individual properties @ http://localhost:3000/_next/static/chunks/d14e7_next_dist_51049c13._.js:2297
[  417409ms] [WARNING] rotate not eligible for reset. Try splitting into individual properties @ http://localhost:3000/_next/static/chunks/d14e7_next_dist_51049c13._.js:2297
[  417423ms] [WARNING] rotate not eligible for reset. Try splitting into individual properties @ http://localhost:3000/_next/static/chunks/d14e7_next_dist_51049c13._.js:2297
[  417423ms] [WARNING] rotate not eligible for reset. Try splitting into individual properties @ http://localhost:3000/_next/static/chunks/d14e7_next_dist_51049c13._.js:2297
[  417430ms] [WARNING] rotate not eligible for reset. Try splitting into individual properties @ http://localhost:3000/_next/static/chunks/d14e7_next_dist_51049c13._.js:2297
[  417430ms] [WARNING] rotate not eligible for reset. Try splitting into individual properties @ http://localhost:3000/_next/static/chunks/d14e7_next_dist_51049c13._.js:2297
[  417437ms] [WARNING] rotate not eligible for reset. Try splitting into individual properties @ http://localhost:3000/_next/static/chunks/d14e7_next_dist_51049c13._.js:2297
[  417437ms] [WARNING] rotate not eligible for reset. Try splitting into individual properties @ http://localhost:3000/_next/static/chunks/d14e7_next_dist_51049c13._.js:2297
[  417444ms] [WARNING] rotate not eligible for reset. Try splitting into individual properties @ http://localhost:3000/_next/static/chunks/d14e7_next_dist_51049c13._.js:2297
[  417444ms] [WARNING] rotate not eligible for reset. Try splitting into individual properties @ http://localhost:3000/_next/static/chunks/d14e7_next_dist_51049c13._.js:2297
[  417451ms] [WARNING] rotate not eligible for reset. Try splitting into individual properties @ http://localhost:3000/_next/static/chunks/d14e7_next_dist_51049c13._.js:2297
[  417451ms] [WARNING] rotate not eligible for reset. Try splitting into individual properties @ http://localhost:3000/_next/static/chunks/d14e7_next_dist_51049c13._.js:2297
[  417458ms] [WARNING] rotate not eligible for reset. Try splitting into individual properties @ http://localhost:3000/_next/static/chunks/d14e7_next_dist_51049c13._.js:2297
[  417458ms] [WARNING] rotate not eligible for reset. Try splitting into individual properties @ http://localhost:3000/_next/static/chunks/d14e7_next_dist_51049c13._.js:2297
[  417464ms] [WARNING] rotate not eligible for reset. Try splitting into individual properties @ http://localhost:3000/_next/static/chunks/d14e7_next_dist_51049c13._.js:2297
[  417465ms] [WARNING] rotate not eligible for reset. Try splitting into individual properties @ http://localhost:3000/_next/static/chunks/d14e7_next_dist_51049c13._.js:2297
[  417472ms] [WARNING] rotate not eligible for reset. Try splitting into individual properties @ http://localhost:3000/_next/static/chunks/d14e7_next_dist_51049c13._.js:2297
[  417472ms] [WARNING] rotate not eligible for reset. Try splitting into individual properties @ http://localhost:3000/_next/static/chunks/d14e7_next_dist_51049c13._.js:2297
[  433631ms] [LOG] [Fast Refresh] rebuilding @ http://localhost:3000/_next/static/chunks/d14e7_next_dist_51049c13._.js:2297
[  433731ms] [LOG] [Fast Refresh] done in 209ms @ http://localhost:3000/_next/static/chunks/d14e7_next_dist_51049c13._.js:2297
[  485333ms] [WARNING] rotate not eligible for reset. Try splitting into individual properties @ http://localhost:3000/_next/static/chunks/d14e7_next_dist_51049c13._.js:2297
[  485333ms] [WARNING] rotate not eligible for reset. Try splitting into individual properties @ http://localhost:3000/_next/static/chunks/d14e7_next_dist_51049c13._.js:2297
[  485340ms] [WARNING] rotate not eligible for reset. Try splitting into individual properties @ http://localhost:3000/_next/static/chunks/d14e7_next_dist_51049c13._.js:2297
[  485340ms] [WARNING] rotate not eligible for reset. Try splitting into individual properties @ http://localhost:3000/_next/static/chunks/d14e7_next_dist_51049c13._.js:2297
[  485347ms] [WARNING] rotate not eligible for reset. Try splitting into individual properties @ http://localhost:3000/_next/static/chunks/d14e7_next_dist_51049c13._.js:2297
[  485347ms] [WARNING] rotate not eligible for reset. Try splitting into individual properties @ http://localhost:3000/_next/static/chunks/d14e7_next_dist_51049c13._.js:2297
[  485354ms] [WARNING] rotate not eligible for reset. Try splitting into individual properties @ http://localhost:3000/_next/static/chunks/d14e7_next_dist_51049c13._.js:2297
[  485354ms] [WARNING] rotate not eligible for reset. Try splitting into individual properties @ http://localhost:3000/_next/static/chunks/d14e7_next_dist_51049c13._.js:2297
[  485360ms] [WARNING] rotate not eligible for reset. Try splitting into individual properties @ http://localhost:3000/_next/static/chunks/d14e7_next_dist_51049c13._.js:2297
[  485361ms] [WARNING] rotate not eligible for reset. Try splitting into individual properties @ http://localhost:3000/_next/static/chunks/d14e7_next_dist_51049c13._.js:2297
[  485369ms] [WARNING] rotate not eligible for reset. Try splitting into individual properties @ http://localhost:3000/_next/static/chunks/d14e7_next_dist_51049c13._.js:2297
[  485369ms] [WARNING] rotate not eligible for reset. Try splitting into individual properties @ http://localhost:3000/_next/static/chunks/d14e7_next_dist_51049c13._.js:2297
[  485375ms] [WARNING] rotate not eligible for reset. Try splitting into individual properties @ http://localhost:3000/_next/static/chunks/d14e7_next_dist_51049c13._.js:2297
[  485375ms] [WARNING] rotate not eligible for reset. Try splitting into individual properties @ http://localhost:3000/_next/static/chunks/d14e7_next_dist_51049c13._.js:2297
[  485388ms] [WARNING] rotate not eligible for reset. Try splitting into individual properties @ http://localhost:3000/_next/static/chunks/d14e7_next_dist_51049c13._.js:2297
[  485388ms] [WARNING] rotate not eligible for reset. Try splitting into individual properties @ http://localhost:3000/_next/static/chunks/d14e7_next_dist_51049c13._.js:2297
[  485395ms] [WARNING] rotate not eligible for reset. Try splitting into individual properties @ http://localhost:3000/_next/static/chunks/d14e7_next_dist_51049c13._.js:2297
[  485396ms] [WARNING] rotate not eligible for reset. Try splitting into individual properties @ http://localhost:3000/_next/static/chunks/d14e7_next_dist_51049c13._.js:2297
[  485403ms] [WARNING] rotate not eligible for reset. Try splitting into individual properties @ http://localhost:3000/_next/static/chunks/d14e7_next_dist_51049c13._.js:2297
[  485403ms] [WARNING] rotate not eligible for reset. Try splitting into individual properties @ http://localhost:3000/_next/static/chunks/d14e7_next_dist_51049c13._.js:2297
[  485409ms] [WARNING] rotate not eligible for reset. Try splitting into individual properties @ http://localhost:3000/_next/static/chunks/d14e7_next_dist_51049c13._.js:2297
[  485409ms] [WARNING] rotate not eligible for reset. Try splitting into individual properties @ http://localhost:3000/_next/static/chunks/d14e7_next_dist_51049c13._.js:2297
[  485416ms] [WARNING] rotate not eligible for reset. Try splitting into individual properties @ http://localhost:3000/_next/static/chunks/d14e7_next_dist_51049c13._.js:2297
[  485416ms] [WARNING] rotate not eligible for reset. Try splitting into individual properties @ http://localhost:3000/_next/static/chunks/d14e7_next_dist_51049c13._.js:2297
[  485425ms] [WARNING] rotate not eligible for reset. Try splitting into individual properties @ http://localhost:3000/_next/static/chunks/d14e7_next_dist_51049c13._.js:2297
[  485425ms] [WARNING] rotate not eligible for reset. Try splitting into individual properties @ http://localhost:3000/_next/static/chunks/d14e7_next_dist_51049c13._.js:2297
[  485437ms] [WARNING] rotate not eligible for reset. Try splitting into individual properties @ http://localhost:3000/_next/static/chunks/d14e7_next_dist_51049c13._.js:2297
[  485437ms] [WARNING] rotate not eligible for reset. Try splitting into individual properties @ http://localhost:3000/_next/static/chunks/d14e7_next_dist_51049c13._.js:2297
[  485444ms] [WARNING] rotate not eligible for reset. Try splitting into individual properties @ http://localhost:3000/_next/static/chunks/d14e7_next_dist_51049c13._.js:2297
[  485445ms] [WARNING] rotate not eligible for reset. Try splitting into individual properties @ http://localhost:3000/_next/static/chunks/d14e7_next_dist_51049c13._.js:2297
[  485451ms] [WARNING] rotate not eligible for reset. Try splitting into individual properties @ http://localhost:3000/_next/static/chunks/d14e7_next_dist_51049c13._.js:2297
[  485451ms] [WARNING] rotate not eligible for reset. Try splitting into individual properties @ http://localhost:3000/_next/static/chunks/d14e7_next_dist_51049c13._.js:2297
[  485458ms] [WARNING] rotate not eligible for reset. Try splitting into individual properties @ http://localhost:3000/_next/static/chunks/d14e7_next_dist_51049c13._.js:2297
[  485458ms] [WARNING] rotate not eligible for reset. Try splitting into individual properties @ http://localhost:3000/_next/static/chunks/d14e7_next_dist_51049c13._.js:2297
[  485465ms] [WARNING] rotate not eligible for reset. Try splitting into individual properties @ http://localhost:3000/_next/static/chunks/d14e7_next_dist_51049c13._.js:2297
[  485465ms] [WARNING] rotate not eligible for reset. Try splitting into individual properties @ http://localhost:3000/_next/static/chunks/d14e7_next_dist_51049c13._.js:2297
[  485472ms] [WARNING] rotate not eligible for reset. Try splitting into individual properties @ http://localhost:3000/_next/static/chunks/d14e7_next_dist_51049c13._.js:2297
[  485472ms] [WARNING] rotate not eligible for reset. Try splitting into individual properties @ http://localhost:3000/_next/static/chunks/d14e7_next_dist_51049c13._.js:2297
[  485485ms] [WARNING] rotate not eligible for reset. Try splitting into individual properties @ http://localhost:3000/_next/static/chunks/d14e7_next_dist_51049c13._.js:2297
[  485486ms] [WARNING] rotate not eligible for reset. Try splitting into individual properties @ http://localhost:3000/_next/static/chunks/d14e7_next_dist_51049c13._.js:2297
[  485492ms] [WARNING] rotate not eligible for reset. Try splitting into individual properties @ http://localhost:3000/_next/static/chunks/d14e7_next_dist_51049c13._.js:2297
[  485493ms] [WARNING] rotate not eligible for reset. Try splitting into individual properties @ http://localhost:3000/_next/static/chunks/d14e7_next_dist_51049c13._.js:2297
[  485499ms] [WARNING] rotate not eligible for reset. Try splitting into individual properties @ http://localhost:3000/_next/static/chunks/d14e7_next_dist_51049c13._.js:2297
[  485500ms] [WARNING] rotate not eligible for reset. Try splitting into individual properties @ http://localhost:3000/_next/static/chunks/d14e7_next_dist_51049c13._.js:2297
[  485506ms] [WARNING] rotate not eligible for reset. Try splitting into individual properties @ http://localhost:3000/_next/static/chunks/d14e7_next_dist_51049c13._.js:2297
[  485507ms] [WARNING] rotate not eligible for reset. Try splitting into individual properties @ http://localhost:3000/_next/static/chunks/d14e7_next_dist_51049c13._.js:2297
[  485513ms] [WARNING] rotate not eligible for reset. Try splitting into individual properties @ http://localhost:3000/_next/static/chunks/d14e7_next_dist_51049c13._.js:2297
[  485513ms] [WARNING] rotate not eligible for reset. Try splitting into individual properties @ http://localhost:3000/_next/static/chunks/d14e7_next_dist_51049c13._.js:2297
[  485520ms] [WARNING] rotate not eligible for reset. Try splitting into individual properties @ http://localhost:3000/_next/static/chunks/d14e7_next_dist_51049c13._.js:2297
[  485520ms] [WARNING] rotate not eligible for reset. Try splitting into individual properties @ http://localhost:3000/_next/static/chunks/d14e7_next_dist_51049c13._.js:2297
[  485527ms] [WARNING] rotate not eligible for reset. Try splitting into individual properties @ http://localhost:3000/_next/static/chunks/d14e7_next_dist_51049c13._.js:2297
[  485527ms] [WARNING] rotate not eligible for reset. Try splitting into individual properties @ http://localhost:3000/_next/static/chunks/d14e7_next_dist_51049c13._.js:2297
[  485541ms] [WARNING] rotate not eligible for reset. Try splitting into individual properties @ http://localhost:3000/_next/static/chunks/d14e7_next_dist_51049c13._.js:2297
[  485541ms] [WARNING] rotate not eligible for reset. Try splitting into individual properties @ http://localhost:3000/_next/static/chunks/d14e7_next_dist_51049c13._.js:2297
[  485549ms] [WARNING] rotate not eligible for reset. Try splitting into individual properties @ http://localhost:3000/_next/static/chunks/d14e7_next_dist_51049c13._.js:2297
[  485564ms] [WARNING] rotate not eligible for reset. Try splitting into individual properties @ http://localhost:3000/_next/static/chunks/d14e7_next_dist_51049c13._.js:2297
[  485591ms] [WARNING] rotate not eligible for reset. Try splitting into individual properties @ http://localhost:3000/_next/static/chunks/d14e7_next_dist_51049c13._.js:2297
[  485599ms] [WARNING] rotate not eligible for reset. Try splitting into individual properties @ http://localhost:3000/_next/static/chunks/d14e7_next_dist_51049c13._.js:2297
[  485604ms] [WARNING] rotate not eligible for reset. Try splitting into individual properties @ http://localhost:3000/_next/static/chunks/d14e7_next_dist_51049c13._.js:2297
[  485613ms] [WARNING] rotate not eligible for reset. Try splitting into individual properties @ http://localhost:3000/_next/static/chunks/d14e7_next_dist_51049c13._.js:2297
[  485619ms] [WARNING] rotate not eligible for reset. Try splitting into individual properties @ http://localhost:3000/_next/static/chunks/d14e7_next_dist_51049c13._.js:2297
[  485626ms] [WARNING] rotate not eligible for reset. Try splitting into individual properties @ http://localhost:3000/_next/static/chunks/d14e7_next_dist_51049c13._.js:2297
[  485631ms] [WARNING] rotate not eligible for reset. Try splitting into individual properties @ http://localhost:3000/_next/static/chunks/d14e7_next_dist_51049c13._.js:2297
[  485641ms] [WARNING] rotate not eligible for reset. Try splitting into individual properties @ http://localhost:3000/_next/static/chunks/d14e7_next_dist_51049c13._.js:2297
[  485652ms] [WARNING] rotate not eligible for reset. Try splitting into individual properties @ http://localhost:3000/_next/static/chunks/d14e7_next_dist_51049c13._.js:2297
[  485659ms] [WARNING] rotate not eligible for reset. Try splitting into individual properties @ http://localhost:3000/_next/static/chunks/d14e7_next_dist_51049c13._.js:2297
[  485667ms] [WARNING] rotate not eligible for reset. Try splitting into individual properties @ http://localhost:3000/_next/static/chunks/d14e7_next_dist_51049c13._.js:2297
[  485680ms] [WARNING] rotate not eligible for reset. Try splitting into individual properties @ http://localhost:3000/_next/static/chunks/d14e7_next_dist_51049c13._.js:2297
[  485694ms] [WARNING] rotate not eligible for reset. Try splitting into individual properties @ http://localhost:3000/_next/static/chunks/d14e7_next_dist_51049c13._.js:2297
[  485877ms] [WARNING] rotate not eligible for reset. Try splitting into individual properties @ http://localhost:3000/_next/static/chunks/d14e7_next_dist_51049c13._.js:2297
[  485882ms] [WARNING] rotate not eligible for reset. Try splitting into individual properties @ http://localhost:3000/_next/static/chunks/d14e7_next_dist_51049c13._.js:2297
[  485889ms] [WARNING] rotate not eligible for reset. Try splitting into individual properties @ http://localhost:3000/_next/static/chunks/d14e7_next_dist_51049c13._.js:2297
[  485895ms] [WARNING] rotate not eligible for reset. Try splitting into individual properties @ http://localhost:3000/_next/static/chunks/d14e7_next_dist_51049c13._.js:2297
[  485909ms] [WARNING] rotate not eligible for reset. Try splitting into individual properties @ http://localhost:3000/_next/static/chunks/d14e7_next_dist_51049c13._.js:2297
[  485916ms] [WARNING] rotate not eligible for reset. Try splitting into individual properties @ http://localhost:3000/_next/static/chunks/d14e7_next_dist_51049c13._.js:2297
[  485923ms] [WARNING] rotate not eligible for reset. Try splitting into individual properties @ http://localhost:3000/_next/static/chunks/d14e7_next_dist_51049c13._.js:2297
[  485930ms] [WARNING] rotate not eligible for reset. Try splitting into individual properties @ http://localhost:3000/_next/static/chunks/d14e7_next_dist_51049c13._.js:2297
[  485937ms] [WARNING] rotate not eligible for reset. Try splitting into individual properties @ http://localhost:3000/_next/static/chunks/d14e7_next_dist_51049c13._.js:2297
[  485944ms] [WARNING] rotate not eligible for reset. Try splitting into individual properties @ http://localhost:3000/_next/static/chunks/d14e7_next_dist_51049c13._.js:2297
[  485958ms] [WARNING] rotate not eligible for reset. Try splitting into individual properties @ http://localhost:3000/_next/static/chunks/d14e7_next_dist_51049c13._.js:2297
[  485965ms] [WARNING] rotate not eligible for reset. Try splitting into individual properties @ http://localhost:3000/_next/static/chunks/d14e7_next_dist_51049c13._.js:2297
[  485978ms] [WARNING] rotate not eligible for reset. Try splitting into individual properties @ http://localhost:3000/_next/static/chunks/d14e7_next_dist_51049c13._.js:2297
[  485993ms] [WARNING] rotate not eligible for reset. Try splitting into individual properties @ http://localhost:3000/_next/static/chunks/d14e7_next_dist_51049c13._.js:2297
[  486013ms] [WARNING] rotate not eligible for reset. Try splitting into individual properties @ http://localhost:3000/_next/static/chunks/d14e7_next_dist_51049c13._.js:2297
[  486020ms] [WARNING] rotate not eligible for reset. Try splitting into individual properties @ http://localhost:3000/_next/static/chunks/d14e7_next_dist_51049c13._.js:2297
[  486027ms] [WARNING] rotate not eligible for reset. Try splitting into individual properties @ http://localhost:3000/_next/static/chunks/d14e7_next_dist_51049c13._.js:2297
[  486034ms] [WARNING] rotate not eligible for reset. Try splitting into individual properties @ http://localhost:3000/_next/static/chunks/d14e7_next_dist_51049c13._.js:2297
[  486041ms] [WARNING] rotate not eligible for reset. Try splitting into individual properties @ http://localhost:3000/_next/static/chunks/d14e7_next_dist_51049c13._.js:2297
[  486048ms] [WARNING] rotate not eligible for reset. Try splitting into individual properties @ http://localhost:3000/_next/static/chunks/d14e7_next_dist_51049c13._.js:2297
[  486062ms] [WARNING] rotate not eligible for reset. Try splitting into individual properties @ http://localhost:3000/_next/static/chunks/d14e7_next_dist_51049c13._.js:2297
[  486069ms] [WARNING] rotate not eligible for reset. Try splitting into individual properties @ http://localhost:3000/_next/static/chunks/d14e7_next_dist_51049c13._.js:2297
[  486077ms] [WARNING] rotate not eligible for reset. Try splitting into individual properties @ http://localhost:3000/_next/static/chunks/d14e7_next_dist_51049c13._.js:2297
[  486084ms] [WARNING] rotate not eligible for reset. Try splitting into individual properties @ http://localhost:3000/_next/static/chunks/d14e7_next_dist_51049c13._.js:2297
[  486084ms] [WARNING] rotate not eligible for reset. Try splitting into individual properties @ http://localhost:3000/_next/static/chunks/d14e7_next_dist_51049c13._.js:2297
[  486090ms] [WARNING] rotate not eligible for reset. Try splitting into individual properties @ http://localhost:3000/_next/static/chunks/d14e7_next_dist_51049c13._.js:2297
[  486091ms] [WARNING] rotate not eligible for reset. Try splitting into individual properties @ http://localhost:3000/_next/static/chunks/d14e7_next_dist_51049c13._.js:2297
[  486097ms] [WARNING] rotate not eligible for reset. Try splitting into individual properties @ http://localhost:3000/_next/static/chunks/d14e7_next_dist_51049c13._.js:2297
[  486097ms] [WARNING] rotate not eligible for reset. Try splitting into individual properties @ http://localhost:3000/_next/static/chunks/d14e7_next_dist_51049c13._.js:2297
[  486107ms] [WARNING] rotate not eligible for reset. Try splitting into individual properties @ http://localhost:3000/_next/static/chunks/d14e7_next_dist_51049c13._.js:2297
[  486108ms] [WARNING] rotate not eligible for reset. Try splitting into individual properties @ http://localhost:3000/_next/static/chunks/d14e7_next_dist_51049c13._.js:2297
[  486113ms] [WARNING] rotate not eligible for reset. Try splitting into individual properties @ http://localhost:3000/_next/static/chunks/d14e7_next_dist_51049c13._.js:2297
[  486114ms] [WARNING] rotate not eligible for reset. Try splitting into individual properties @ http://localhost:3000/_next/static/chunks/d14e7_next_dist_51049c13._.js:2297
[  486121ms] [WARNING] rotate not eligible for reset. Try splitting into individual properties @ http://localhost:3000/_next/static/chunks/d14e7_next_dist_51049c13._.js:2297
[  486121ms] [WARNING] rotate not eligible for reset. Try splitting into individual properties @ http://localhost:3000/_next/static/chunks/d14e7_next_dist_51049c13._.js:2297
[  486129ms] [WARNING] rotate not eligible for reset. Try splitting into individual properties @ http://localhost:3000/_next/static/chunks/d14e7_next_dist_51049c13._.js:2297
[  486129ms] [WARNING] rotate not eligible for reset. Try splitting into individual properties @ http://localhost:3000/_next/static/chunks/d14e7_next_dist_51049c13._.js:2297
[  486140ms] [WARNING] rotate not eligible for reset. Try splitting into individual properties @ http://localhost:3000/_next/static/chunks/d14e7_next_dist_51049c13._.js:2297
[  486140ms] [WARNING] rotate not eligible for reset. Try splitting into individual properties @ http://localhost:3000/_next/static/chunks/d14e7_next_dist_51049c13._.js:2297
[  486145ms] [WARNING] rotate not eligible for reset. Try splitting into individual properties @ http://localhost:3000/_next/static/chunks/d14e7_next_dist_51049c13._.js:2297
[  486146ms] [WARNING] rotate not eligible for reset. Try splitting into individual properties @ http://localhost:3000/_next/static/chunks/d14e7_next_dist_51049c13._.js:2297
[  486155ms] [WARNING] rotate not eligible for reset. Try splitting into individual properties @ http://localhost:3000/_next/static/chunks/d14e7_next_dist_51049c13._.js:2297
[  486155ms] [WARNING] rotate not eligible for reset. Try splitting into individual properties @ http://localhost:3000/_next/static/chunks/d14e7_next_dist_51049c13._.js:2297
[  486164ms] [WARNING] rotate not eligible for reset. Try splitting into individual properties @ http://localhost:3000/_next/static/chunks/d14e7_next_dist_51049c13._.js:2297
[  486164ms] [WARNING] rotate not eligible for reset. Try splitting into individual properties @ http://localhost:3000/_next/static/chunks/d14e7_next_dist_51049c13._.js:2297
[  486174ms] [WARNING] rotate not eligible for reset. Try splitting into individual properties @ http://localhost:3000/_next/static/chunks/d14e7_next_dist_51049c13._.js:2297
[  486174ms] [WARNING] rotate not eligible for reset. Try splitting into individual properties @ http://localhost:3000/_next/static/chunks/d14e7_next_dist_51049c13._.js:2297
[  486184ms] [WARNING] rotate not eligible for reset. Try splitting into individual properties @ http://localhost:3000/_next/static/chunks/d14e7_next_dist_51049c13._.js:2297
[  486184ms] [WARNING] rotate not eligible for reset. Try splitting into individual properties @ http://localhost:3000/_next/static/chunks/d14e7_next_dist_51049c13._.js:2297
[  486191ms] [WARNING] rotate not eligible for reset. Try splitting into individual properties @ http://localhost:3000/_next/static/chunks/d14e7_next_dist_51049c13._.js:2297
[  486191ms] [WARNING] rotate not eligible for reset. Try splitting into individual properties @ http://localhost:3000/_next/static/chunks/d14e7_next_dist_51049c13._.js:2297
[  486196ms] [WARNING] rotate not eligible for reset. Try splitting into individual properties @ http://localhost:3000/_next/static/chunks/d14e7_next_dist_51049c13._.js:2297
[  486196ms] [WARNING] rotate not eligible for reset. Try splitting into individual properties @ http://localhost:3000/_next/static/chunks/d14e7_next_dist_51049c13._.js:2297
[  486203ms] [WARNING] rotate not eligible for reset. Try splitting into individual properties @ http://localhost:3000/_next/static/chunks/d14e7_next_dist_51049c13._.js:2297
[  486203ms] [WARNING] rotate not eligible for reset. Try splitting into individual properties @ http://localhost:3000/_next/static/chunks/d14e7_next_dist_51049c13._.js:2297
[  486215ms] [WARNING] rotate not eligible for reset. Try splitting into individual properties @ http://localhost:3000/_next/static/chunks/d14e7_next_dist_51049c13._.js:2297
[  486215ms] [WARNING] rotate not eligible for reset. Try splitting into individual properties @ http://localhost:3000/_next/static/chunks/d14e7_next_dist_51049c13._.js:2297
[  486222ms] [WARNING] rotate not eligible for reset. Try splitting into individual properties @ http://localhost:3000/_next/static/chunks/d14e7_next_dist_51049c13._.js:2297
[  486222ms] [WARNING] rotate not eligible for reset. Try splitting into individual properties @ http://localhost:3000/_next/static/chunks/d14e7_next_dist_51049c13._.js:2297
[  486228ms] [WARNING] rotate not eligible for reset. Try splitting into individual properties @ http://localhost:3000/_next/static/chunks/d14e7_next_dist_51049c13._.js:2297
[  486228ms] [WARNING] rotate not eligible for reset. Try splitting into individual properties @ http://localhost:3000/_next/static/chunks/d14e7_next_dist_51049c13._.js:2297
[  486235ms] [WARNING] rotate not eligible for reset. Try splitting into individual properties @ http://localhost:3000/_next/static/chunks/d14e7_next_dist_51049c13._.js:2297
[  486235ms] [WARNING] rotate not eligible for reset. Try splitting into individual properties @ http://localhost:3000/_next/static/chunks/d14e7_next_dist_51049c13._.js:2297
[  486242ms] [WARNING] rotate not eligible for reset. Try splitting into individual properties @ http://localhost:3000/_next/static/chunks/d14e7_next_dist_51049c13._.js:2297
[  486243ms] [WARNING] rotate not eligible for reset. Try splitting into individual properties @ http://localhost:3000/_next/static/chunks/d14e7_next_dist_51049c13._.js:2297
[  486249ms] [WARNING] rotate not eligible for reset. Try splitting into individual properties @ http://localhost:3000/_next/static/chunks/d14e7_next_dist_51049c13._.js:2297
[  486249ms] [WARNING] rotate not eligible for reset. Try splitting into individual properties @ http://localhost:3000/_next/static/chunks/d14e7_next_dist_51049c13._.js:2297
[  486263ms] [WARNING] rotate not eligible for reset. Try splitting into individual properties @ http://localhost:3000/_next/static/chunks/d14e7_next_dist_51049c13._.js:2297
[  486263ms] [WARNING] rotate not eligible for reset. Try splitting into individual properties @ http://localhost:3000/_next/static/chunks/d14e7_next_dist_51049c13._.js:2297
[  488903ms] [WARNING] rotate not eligible for reset. Try splitting into individual properties @ http://localhost:3000/_next/static/chunks/d14e7_next_dist_51049c13._.js:2297
[  488903ms] [WARNING] rotate not eligible for reset. Try splitting into individual properties @ http://localhost:3000/_next/static/chunks/d14e7_next_dist_51049c13._.js:2297
[  488913ms] [WARNING] rotate not eligible for reset. Try splitting into individual properties @ http://localhost:3000/_next/static/chunks/d14e7_next_dist_51049c13._.js:2297
[  488913ms] [WARNING] rotate not eligible for reset. Try splitting into individual properties @ http://localhost:3000/_next/static/chunks/d14e7_next_dist_51049c13._.js:2297
[  488924ms] [WARNING] rotate not eligible for reset. Try splitting into individual properties @ http://localhost:3000/_next/static/chunks/d14e7_next_dist_51049c13._.js:2297
[  488925ms] [WARNING] rotate not eligible for reset. Try splitting into individual properties @ http://localhost:3000/_next/static/chunks/d14e7_next_dist_51049c13._.js:2297
[  488934ms] [WARNING] rotate not eligible for reset. Try splitting into individual properties @ http://localhost:3000/_next/static/chunks/d14e7_next_dist_51049c13._.js:2297
[  488934ms] [WARNING] rotate not eligible for reset. Try splitting into individual properties @ http://localhost:3000/_next/static/chunks/d14e7_next_dist_51049c13._.js:2297
[  488944ms] [WARNING] rotate not eligible for reset. Try splitting into individual properties @ http://localhost:3000/_next/static/chunks/d14e7_next_dist_51049c13._.js:2297
[  488944ms] [WARNING] rotate not eligible for reset. Try splitting into individual properties @ http://localhost:3000/_next/static/chunks/d14e7_next_dist_51049c13._.js:2297
[  488951ms] [WARNING] rotate not eligible for reset. Try splitting into individual properties @ http://localhost:3000/_next/static/chunks/d14e7_next_dist_51049c13._.js:2297
[  488951ms] [WARNING] rotate not eligible for reset. Try splitting into individual properties @ http://localhost:3000/_next/static/chunks/d14e7_next_dist_51049c13._.js:2297
[  488959ms] [WARNING] rotate not eligible for reset. Try splitting into individual properties @ http://localhost:3000/_next/static/chunks/d14e7_next_dist_51049c13._.js:2297
[  488959ms] [WARNING] rotate not eligible for reset. Try splitting into individual properties @ http://localhost:3000/_next/static/chunks/d14e7_next_dist_51049c13._.js:2297
[  488965ms] [WARNING] rotate not eligible for reset. Try splitting into individual properties @ http://localhost:3000/_next/static/chunks/d14e7_next_dist_51049c13._.js:2297
[  488965ms] [WARNING] rotate not eligible for reset. Try splitting into individual properties @ http://localhost:3000/_next/static/chunks/d14e7_next_dist_51049c13._.js:2297
[  488973ms] [WARNING] rotate not eligible for reset. Try splitting into individual properties @ http://localhost:3000/_next/static/chunks/d14e7_next_dist_51049c13._.js:2297
[  488973ms] [WARNING] rotate not eligible for reset. Try splitting into individual properties @ http://localhost:3000/_next/static/chunks/d14e7_next_dist_51049c13._.js:2297
[  488980ms] [WARNING] rotate not eligible for reset. Try splitting into individual properties @ http://localhost:3000/_next/static/chunks/d14e7_next_dist_51049c13._.js:2297
[  488980ms] [WARNING] rotate not eligible for reset. Try splitting into individual properties @ http://localhost:3000/_next/static/chunks/d14e7_next_dist_51049c13._.js:2297
[  488985ms] [WARNING] rotate not eligible for reset. Try splitting into individual properties @ http://localhost:3000/_next/static/chunks/d14e7_next_dist_51049c13._.js:2297
[  488986ms] [WARNING] rotate not eligible for reset. Try splitting into individual properties @ http://localhost:3000/_next/static/chunks/d14e7_next_dist_51049c13._.js:2297
[  489027ms] [WARNING] rotate not eligible for reset. Try splitting into individual properties @ http://localhost:3000/_next/static/chunks/d14e7_next_dist_51049c13._.js:2297
[  489028ms] [WARNING] rotate not eligible for reset. Try splitting into individual properties @ http://localhost:3000/_next/static/chunks/d14e7_next_dist_51049c13._.js:2297
[  489034ms] [WARNING] rotate not eligible for reset. Try splitting into individual properties @ http://localhost:3000/_next/static/chunks/d14e7_next_dist_51049c13._.js:2297
[  489034ms] [WARNING] rotate not eligible for reset. Try splitting into individual properties @ http://localhost:3000/_next/static/chunks/d14e7_next_dist_51049c13._.js:2297
[  489041ms] [WARNING] rotate not eligible for reset. Try splitting into individual properties @ http://localhost:3000/_next/static/chunks/d14e7_next_dist_51049c13._.js:2297
[  489041ms] [WARNING] rotate not eligible for reset. Try splitting into individual properties @ http://localhost:3000/_next/static/chunks/d14e7_next_dist_51049c13._.js:2297
[  489048ms] [WARNING] rotate not eligible for reset. Try splitting into individual properties @ http://localhost:3000/_next/static/chunks/d14e7_next_dist_51049c13._.js:2297
[  489048ms] [WARNING] rotate not eligible for reset. Try splitting into individual properties @ http://localhost:3000/_next/static/chunks/d14e7_next_dist_51049c13._.js:2297
[  489062ms] [WARNING] rotate not eligible for reset. Try splitting into individual properties @ http://localhost:3000/_next/static/chunks/d14e7_next_dist_51049c13._.js:2297
[  489062ms] [WARNING] rotate not eligible for reset. Try splitting into individual properties @ http://localhost:3000/_next/static/chunks/d14e7_next_dist_51049c13._.js:2297
[  489069ms] [WARNING] rotate not eligible for reset. Try splitting into individual properties @ http://localhost:3000/_next/static/chunks/d14e7_next_dist_51049c13._.js:2297
[  489069ms] [WARNING] rotate not eligible for reset. Try splitting into individual properties @ http://localhost:3000/_next/static/chunks/d14e7_next_dist_51049c13._.js:2297
[  489076ms] [WARNING] rotate not eligible for reset. Try splitting into individual properties @ http://localhost:3000/_next/static/chunks/d14e7_next_dist_51049c13._.js:2297
[  489076ms] [WARNING] rotate not eligible for reset. Try splitting into individual properties @ http://localhost:3000/_next/static/chunks/d14e7_next_dist_51049c13._.js:2297
[  489083ms] [WARNING] rotate not eligible for reset. Try splitting into individual properties @ http://localhost:3000/_next/static/chunks/d14e7_next_dist_51049c13._.js:2297
[  489083ms] [WARNING] rotate not eligible for reset. Try splitting into individual properties @ http://localhost:3000/_next/static/chunks/d14e7_next_dist_51049c13._.js:2297
[  489090ms] [WARNING] rotate not eligible for reset. Try splitting into individual properties @ http://localhost:3000/_next/static/chunks/d14e7_next_dist_51049c13._.js:2297
[  489090ms] [WARNING] rotate not eligible for reset. Try splitting into individual properties @ http://localhost:3000/_next/static/chunks/d14e7_next_dist_51049c13._.js:2297
[  489097ms] [WARNING] rotate not eligible for reset. Try splitting into individual properties @ http://localhost:3000/_next/static/chunks/d14e7_next_dist_51049c13._.js:2297
[  489097ms] [WARNING] rotate not eligible for reset. Try splitting into individual properties @ http://localhost:3000/_next/static/chunks/d14e7_next_dist_51049c13._.js:2297
[  489103ms] [WARNING] rotate not eligible for reset. Try splitting into individual properties @ http://localhost:3000/_next/static/chunks/d14e7_next_dist_51049c13._.js:2297
[  489104ms] [WARNING] rotate not eligible for reset. Try splitting into individual properties @ http://localhost:3000/_next/static/chunks/d14e7_next_dist_51049c13._.js:2297
[  489113ms] [WARNING] rotate not eligible for reset. Try splitting into individual properties @ http://localhost:3000/_next/static/chunks/d14e7_next_dist_51049c13._.js:2297
[  489113ms] [WARNING] rotate not eligible for reset. Try splitting into individual properties @ http://localhost:3000/_next/static/chunks/d14e7_next_dist_51049c13._.js:2297
[  489131ms] [WARNING] rotate not eligible for reset. Try splitting into individual properties @ http://localhost:3000/_next/static/chunks/d14e7_next_dist_51049c13._.js:2297
[  489132ms] [WARNING] rotate not eligible for reset. Try splitting into individual properties @ http://localhost:3000/_next/static/chunks/d14e7_next_dist_51049c13._.js:2297
[  489145ms] [WARNING] rotate not eligible for reset. Try splitting into individual properties @ http://localhost:3000/_next/static/chunks/d14e7_next_dist_51049c13._.js:2297
[  489146ms] [WARNING] rotate not eligible for reset. Try splitting into individual properties @ http://localhost:3000/_next/static/chunks/d14e7_next_dist_51049c13._.js:2297
[  489270ms] [WARNING] rotate not eligible for reset. Try splitting into individual properties @ http://localhost:3000/_next/static/chunks/d14e7_next_dist_51049c13._.js:2297
[  489271ms] [WARNING] rotate not eligible for reset. Try splitting into individual properties @ http://localhost:3000/_next/static/chunks/d14e7_next_dist_51049c13._.js:2297
[  489291ms] [WARNING] rotate not eligible for reset. Try splitting into individual properties @ http://localhost:3000/_next/static/chunks/d14e7_next_dist_51049c13._.js:2297
[  489291ms] [WARNING] rotate not eligible for reset. Try splitting into individual properties @ http://localhost:3000/_next/static/chunks/d14e7_next_dist_51049c13._.js:2297
[  489305ms] [WARNING] rotate not eligible for reset. Try splitting into individual properties @ http://localhost:3000/_next/static/chunks/d14e7_next_dist_51049c13._.js:2297
[  489305ms] [WARNING] rotate not eligible for reset. Try splitting into individual properties @ http://localhost:3000/_next/static/chunks/d14e7_next_dist_51049c13._.js:2297
[  489312ms] [WARNING] rotate not eligible for reset. Try splitting into individual properties @ http://localhost:3000/_next/static/chunks/d14e7_next_dist_51049c13._.js:2297
[  489312ms] [WARNING] rotate not eligible for reset. Try splitting into individual properties @ http://localhost:3000/_next/static/chunks/d14e7_next_dist_51049c13._.js:2297
[  489333ms] [WARNING] rotate not eligible for reset. Try splitting into individual properties @ http://localhost:3000/_next/static/chunks/d14e7_next_dist_51049c13._.js:2297
[  489333ms] [WARNING] rotate not eligible for reset. Try splitting into individual properties @ http://localhost:3000/_next/static/chunks/d14e7_next_dist_51049c13._.js:2297
[  489347ms] [WARNING] rotate not eligible for reset. Try splitting into individual properties @ http://localhost:3000/_next/static/chunks/d14e7_next_dist_51049c13._.js:2297
[  489347ms] [WARNING] rotate not eligible for reset. Try splitting into individual properties @ http://localhost:3000/_next/static/chunks/d14e7_next_dist_51049c13._.js:2297
[  489494ms] [WARNING] rotate not eligible for reset. Try splitting into individual properties @ http://localhost:3000/_next/static/chunks/d14e7_next_dist_51049c13._.js:2297
[  489494ms] [WARNING] rotate not eligible for reset. Try splitting into individual properties @ http://localhost:3000/_next/static/chunks/d14e7_next_dist_51049c13._.js:2297
[  489499ms] [WARNING] rotate not eligible for reset. Try splitting into individual properties @ http://localhost:3000/_next/static/chunks/d14e7_next_dist_51049c13._.js:2297
[  489500ms] [WARNING] rotate not eligible for reset. Try splitting into individual properties @ http://localhost:3000/_next/static/chunks/d14e7_next_dist_51049c13._.js:2297
[  489506ms] [WARNING] rotate not eligible for reset. Try splitting into individual properties @ http://localhost:3000/_next/static/chunks/d14e7_next_dist_51049c13._.js:2297
[  489506ms] [WARNING] rotate not eligible for reset. Try splitting into individual properties @ http://localhost:3000/_next/static/chunks/d14e7_next_dist_51049c13._.js:2297
[  489513ms] [WARNING] rotate not eligible for reset. Try splitting into individual properties @ http://localhost:3000/_next/static/chunks/d14e7_next_dist_51049c13._.js:2297
[  489513ms] [WARNING] rotate not eligible for reset. Try splitting into individual properties @ http://localhost:3000/_next/static/chunks/d14e7_next_dist_51049c13._.js:2297
[  489520ms] [WARNING] rotate not eligible for reset. Try splitting into individual properties @ http://localhost:3000/_next/static/chunks/d14e7_next_dist_51049c13._.js:2297
[  489520ms] [WARNING] rotate not eligible for reset. Try splitting into individual properties @ http://localhost:3000/_next/static/chunks/d14e7_next_dist_51049c13._.js:2297
[  489527ms] [WARNING] rotate not eligible for reset. Try splitting into individual properties @ http://localhost:3000/_next/static/chunks/d14e7_next_dist_51049c13._.js:2297
[  489527ms] [WARNING] rotate not eligible for reset. Try splitting into individual properties @ http://localhost:3000/_next/static/chunks/d14e7_next_dist_51049c13._.js:2297
[  489541ms] [WARNING] rotate not eligible for reset. Try splitting into individual properties @ http://localhost:3000/_next/static/chunks/d14e7_next_dist_51049c13._.js:2297
[  489541ms] [WARNING] rotate not eligible for reset. Try splitting into individual properties @ http://localhost:3000/_next/static/chunks/d14e7_next_dist_51049c13._.js:2297
[  489548ms] [WARNING] rotate not eligible for reset. Try splitting into individual properties @ http://localhost:3000/_next/static/chunks/d14e7_next_dist_51049c13._.js:2297
[  489548ms] [WARNING] rotate not eligible for reset. Try splitting into individual properties @ http://localhost:3000/_next/static/chunks/d14e7_next_dist_51049c13._.js:2297
[  489555ms] [WARNING] rotate not eligible for reset. Try splitting into individual properties @ http://localhost:3000/_next/static/chunks/d14e7_next_dist_51049c13._.js:2297
[  489555ms] [WARNING] rotate not eligible for reset. Try splitting into individual properties @ http://localhost:3000/_next/static/chunks/d14e7_next_dist_51049c13._.js:2297
[  489562ms] [WARNING] rotate not eligible for reset. Try splitting into individual properties @ http://localhost:3000/_next/static/chunks/d14e7_next_dist_51049c13._.js:2297
[  489562ms] [WARNING] rotate not eligible for reset. Try splitting into individual properties @ http://localhost:3000/_next/static/chunks/d14e7_next_dist_51049c13._.js:2297
[  489569ms] [WARNING] rotate not eligible for reset. Try splitting into individual properties @ http://localhost:3000/_next/static/chunks/d14e7_next_dist_51049c13._.js:2297
[  489569ms] [WARNING] rotate not eligible for reset. Try splitting into individual properties @ http://localhost:3000/_next/static/chunks/d14e7_next_dist_51049c13._.js:2297
[  489576ms] [WARNING] rotate not eligible for reset. Try splitting into individual properties @ http://localhost:3000/_next/static/chunks/d14e7_next_dist_51049c13._.js:2297
[  489577ms] [WARNING] rotate not eligible for reset. Try splitting into individual properties @ http://localhost:3000/_next/static/chunks/d14e7_next_dist_51049c13._.js:2297
[  489589ms] [WARNING] rotate not eligible for reset. Try splitting into individual properties @ http://localhost:3000/_next/static/chunks/d14e7_next_dist_51049c13._.js:2297
[  489590ms] [WARNING] rotate not eligible for reset. Try splitting into individual properties @ http://localhost:3000/_next/static/chunks/d14e7_next_dist_51049c13._.js:2297
[  489597ms] [WARNING] rotate not eligible for reset. Try splitting into individual properties @ http://localhost:3000/_next/static/chunks/d14e7_next_dist_51049c13._.js:2297
[  489597ms] [WARNING] rotate not eligible for reset. Try splitting into individual properties @ http://localhost:3000/_next/static/chunks/d14e7_next_dist_51049c13._.js:2297
[  489603ms] [WARNING] rotate not eligible for reset. Try splitting into individual properties @ http://localhost:3000/_next/static/chunks/d14e7_next_dist_51049c13._.js:2297
[  489604ms] [WARNING] rotate not eligible for reset. Try splitting into individual properties @ http://localhost:3000/_next/static/chunks/d14e7_next_dist_51049c13._.js:2297
[  489610ms] [WARNING] rotate not eligible for reset. Try splitting into individual properties @ http://localhost:3000/_next/static/chunks/d14e7_next_dist_51049c13._.js:2297
[  489611ms] [WARNING] rotate not eligible for reset. Try splitting into individual properties @ http://localhost:3000/_next/static/chunks/d14e7_next_dist_51049c13._.js:2297
[  490513ms] [WARNING] rotate not eligible for reset. Try splitting into individual properties @ http://localhost:3000/_next/static/chunks/d14e7_next_dist_51049c13._.js:2297
[  490513ms] [WARNING] rotate not eligible for reset. Try splitting into individual properties @ http://localhost:3000/_next/static/chunks/d14e7_next_dist_51049c13._.js:2297
[  490520ms] [WARNING] rotate not eligible for reset. Try splitting into individual properties @ http://localhost:3000/_next/static/chunks/d14e7_next_dist_51049c13._.js:2297
[  490520ms] [WARNING] rotate not eligible for reset. Try splitting into individual properties @ http://localhost:3000/_next/static/chunks/d14e7_next_dist_51049c13._.js:2297
[  490534ms] [WARNING] rotate not eligible for reset. Try splitting into individual properties @ http://localhost:3000/_next/static/chunks/d14e7_next_dist_51049c13._.js:2297
[  490534ms] [WARNING] rotate not eligible for reset. Try splitting into individual properties @ http://localhost:3000/_next/static/chunks/d14e7_next_dist_51049c13._.js:2297
[  490541ms] [WARNING] rotate not eligible for reset. Try splitting into individual properties @ http://localhost:3000/_next/static/chunks/d14e7_next_dist_51049c13._.js:2297
[  490541ms] [WARNING] rotate not eligible for reset. Try splitting into individual properties @ http://localhost:3000/_next/static/chunks/d14e7_next_dist_51049c13._.js:2297
[  490548ms] [WARNING] rotate not eligible for reset. Try splitting into individual properties @ http://localhost:3000/_next/static/chunks/d14e7_next_dist_51049c13._.js:2297
[  490548ms] [WARNING] rotate not eligible for reset. Try splitting into individual properties @ http://localhost:3000/_next/static/chunks/d14e7_next_dist_51049c13._.js:2297
[  490555ms] [WARNING] rotate not eligible for reset. Try splitting into individual properties @ http://localhost:3000/_next/static/chunks/d14e7_next_dist_51049c13._.js:2297
[  490555ms] [WARNING] rotate not eligible for reset. Try splitting into individual properties @ http://localhost:3000/_next/static/chunks/d14e7_next_dist_51049c13._.js:2297
[  490562ms] [WARNING] rotate not eligible for reset. Try splitting into individual properties @ http://localhost:3000/_next/static/chunks/d14e7_next_dist_51049c13._.js:2297
[  490562ms] [WARNING] rotate not eligible for reset. Try splitting into individual properties @ http://localhost:3000/_next/static/chunks/d14e7_next_dist_51049c13._.js:2297
[  490569ms] [WARNING] rotate not eligible for reset. Try splitting into individual properties @ http://localhost:3000/_next/static/chunks/d14e7_next_dist_51049c13._.js:2297
[  490569ms] [WARNING] rotate not eligible for reset. Try splitting into individual properties @ http://localhost:3000/_next/static/chunks/d14e7_next_dist_51049c13._.js:2297
[  490576ms] [WARNING] rotate not eligible for reset. Try splitting into individual properties @ http://localhost:3000/_next/static/chunks/d14e7_next_dist_51049c13._.js:2297
[  490576ms] [WARNING] rotate not eligible for reset. Try splitting into individual properties @ http://localhost:3000/_next/static/chunks/d14e7_next_dist_51049c13._.js:2297
[  490590ms] [WARNING] rotate not eligible for reset. Try splitting into individual properties @ http://localhost:3000/_next/static/chunks/d14e7_next_dist_51049c13._.js:2297
[  490590ms] [WARNING] rotate not eligible for reset. Try splitting into individual properties @ http://localhost:3000/_next/static/chunks/d14e7_next_dist_51049c13._.js:2297
[  490597ms] [WARNING] rotate not eligible for reset. Try splitting into individual properties @ http://localhost:3000/_next/static/chunks/d14e7_next_dist_51049c13._.js:2297
[  490597ms] [WARNING] rotate not eligible for reset. Try splitting into individual properties @ http://localhost:3000/_next/static/chunks/d14e7_next_dist_51049c13._.js:2297
[  490604ms] [WARNING] rotate not eligible for reset. Try splitting into individual properties @ http://localhost:3000/_next/static/chunks/d14e7_next_dist_51049c13._.js:2297
[  490604ms] [WARNING] rotate not eligible for reset. Try splitting into individual properties @ http://localhost:3000/_next/static/chunks/d14e7_next_dist_51049c13._.js:2297
[  490610ms] [WARNING] rotate not eligible for reset. Try splitting into individual properties @ http://localhost:3000/_next/static/chunks/d14e7_next_dist_51049c13._.js:2297
[  490611ms] [WARNING] rotate not eligible for reset. Try splitting into individual properties @ http://localhost:3000/_next/static/chunks/d14e7_next_dist_51049c13._.js:2297
[  490617ms] [WARNING] rotate not eligible for reset. Try splitting into individual properties @ http://localhost:3000/_next/static/chunks/d14e7_next_dist_51049c13._.js:2297
[  490617ms] [WARNING] rotate not eligible for reset. Try splitting into individual properties @ http://localhost:3000/_next/static/chunks/d14e7_next_dist_51049c13._.js:2297
[  490624ms] [WARNING] rotate not eligible for reset. Try splitting into individual properties @ http://localhost:3000/_next/static/chunks/d14e7_next_dist_51049c13._.js:2297
[  490625ms] [WARNING] rotate not eligible for reset. Try splitting into individual properties @ http://localhost:3000/_next/static/chunks/d14e7_next_dist_51049c13._.js:2297
[  490631ms] [WARNING] rotate not eligible for reset. Try splitting into individual properties @ http://localhost:3000/_next/static/chunks/d14e7_next_dist_51049c13._.js:2297
[  490631ms] [WARNING] rotate not eligible for reset. Try splitting into individual properties @ http://localhost:3000/_next/static/chunks/d14e7_next_dist_51049c13._.js:2297
[  490645ms] [WARNING] rotate not eligible for reset. Try splitting into individual properties @ http://localhost:3000/_next/static/chunks/d14e7_next_dist_51049c13._.js:2297
[  490645ms] [WARNING] rotate not eligible for reset. Try splitting into individual properties @ http://localhost:3000/_next/static/chunks/d14e7_next_dist_51049c13._.js:2297
[  490652ms] [WARNING] rotate not eligible for reset. Try splitting into individual properties @ http://localhost:3000/_next/static/chunks/d14e7_next_dist_51049c13._.js:2297
[  490652ms] [WARNING] rotate not eligible for reset. Try splitting into individual properties @ http://localhost:3000/_next/static/chunks/d14e7_next_dist_51049c13._.js:2297
[  490659ms] [WARNING] rotate not eligible for reset. Try splitting into individual properties @ http://localhost:3000/_next/static/chunks/d14e7_next_dist_51049c13._.js:2297
[  490659ms] [WARNING] rotate not eligible for reset. Try splitting into individual properties @ http://localhost:3000/_next/static/chunks/d14e7_next_dist_51049c13._.js:2297
[  490666ms] [WARNING] rotate not eligible for reset. Try splitting into individual properties @ http://localhost:3000/_next/static/chunks/d14e7_next_dist_51049c13._.js:2297
[  490666ms] [WARNING] rotate not eligible for reset. Try splitting into individual properties @ http://localhost:3000/_next/static/chunks/d14e7_next_dist_51049c13._.js:2297
[  490673ms] [WARNING] rotate not eligible for reset. Try splitting into individual properties @ http://localhost:3000/_next/static/chunks/d14e7_next_dist_51049c13._.js:2297
[  490673ms] [WARNING] rotate not eligible for reset. Try splitting into individual properties @ http://localhost:3000/_next/static/chunks/d14e7_next_dist_51049c13._.js:2297
[  490680ms] [WARNING] rotate not eligible for reset. Try splitting into individual properties @ http://localhost:3000/_next/static/chunks/d14e7_next_dist_51049c13._.js:2297
[  490680ms] [WARNING] rotate not eligible for reset. Try splitting into individual properties @ http://localhost:3000/_next/static/chunks/d14e7_next_dist_51049c13._.js:2297
[  490694ms] [WARNING] rotate not eligible for reset. Try splitting into individual properties @ http://localhost:3000/_next/static/chunks/d14e7_next_dist_51049c13._.js:2297
[  490694ms] [WARNING] rotate not eligible for reset. Try splitting into individual properties @ http://localhost:3000/_next/static/chunks/d14e7_next_dist_51049c13._.js:2297
[  490701ms] [WARNING] rotate not eligible for reset. Try splitting into individual properties @ http://localhost:3000/_next/static/chunks/d14e7_next_dist_51049c13._.js:2297
[  490701ms] [WARNING] rotate not eligible for reset. Try splitting into individual properties @ http://localhost:3000/_next/static/chunks/d14e7_next_dist_51049c13._.js:2297
[  490708ms] [WARNING] rotate not eligible for reset. Try splitting into individual properties @ http://localhost:3000/_next/static/chunks/d14e7_next_dist_51049c13._.js:2297
[  490708ms] [WARNING] rotate not eligible for reset. Try splitting into individual properties @ http://localhost:3000/_next/static/chunks/d14e7_next_dist_51049c13._.js:2297
[  490714ms] [WARNING] rotate not eligible for reset. Try splitting into individual properties @ http://localhost:3000/_next/static/chunks/d14e7_next_dist_51049c13._.js:2297
[  490715ms] [WARNING] rotate not eligible for reset. Try splitting into individual properties @ http://localhost:3000/_next/static/chunks/d14e7_next_dist_51049c13._.js:2297
[  490721ms] [WARNING] rotate not eligible for reset. Try splitting into individual properties @ http://localhost:3000/_next/static/chunks/d14e7_next_dist_51049c13._.js:2297
[  490722ms] [WARNING] rotate not eligible for reset. Try splitting into individual properties @ http://localhost:3000/_next/static/chunks/d14e7_next_dist_51049c13._.js:2297
[  490728ms] [WARNING] rotate not eligible for reset. Try splitting into individual properties @ http://localhost:3000/_next/static/chunks/d14e7_next_dist_51049c13._.js:2297
[  490728ms] [WARNING] rotate not eligible for reset. Try splitting into individual properties @ http://localhost:3000/_next/static/chunks/d14e7_next_dist_51049c13._.js:2297
[  490735ms] [WARNING] rotate not eligible for reset. Try splitting into individual properties @ http://localhost:3000/_next/static/chunks/d14e7_next_dist_51049c13._.js:2297
[  490735ms] [WARNING] rotate not eligible for reset. Try splitting into individual properties @ http://localhost:3000/_next/static/chunks/d14e7_next_dist_51049c13._.js:2297
[  490749ms] [WARNING] rotate not eligible for reset. Try splitting into individual properties @ http://localhost:3000/_next/static/chunks/d14e7_next_dist_51049c13._.js:2297
[  490749ms] [WARNING] rotate not eligible for reset. Try splitting into individual properties @ http://localhost:3000/_next/static/chunks/d14e7_next_dist_51049c13._.js:2297
[  490756ms] [WARNING] rotate not eligible for reset. Try splitting into individual properties @ http://localhost:3000/_next/static/chunks/d14e7_next_dist_51049c13._.js:2297
[  490756ms] [WARNING] rotate not eligible for reset. Try splitting into individual properties @ http://localhost:3000/_next/static/chunks/d14e7_next_dist_51049c13._.js:2297
[  490763ms] [WARNING] rotate not eligible for reset. Try splitting into individual properties @ http://localhost:3000/_next/static/chunks/d14e7_next_dist_51049c13._.js:2297
[  490764ms] [WARNING] rotate not eligible for reset. Try splitting into individual properties @ http://localhost:3000/_next/static/chunks/d14e7_next_dist_51049c13._.js:2297
[  490772ms] [WARNING] rotate not eligible for reset. Try splitting into individual properties @ http://localhost:3000/_next/static/chunks/d14e7_next_dist_51049c13._.js:2297
[  490773ms] [WARNING] rotate not eligible for reset. Try splitting into individual properties @ http://localhost:3000/_next/static/chunks/d14e7_next_dist_51049c13._.js:2297
[  490778ms] [WARNING] rotate not eligible for reset. Try splitting into individual properties @ http://localhost:3000/_next/static/chunks/d14e7_next_dist_51049c13._.js:2297
[  490778ms] [WARNING] rotate not eligible for reset. Try splitting into individual properties @ http://localhost:3000/_next/static/chunks/d14e7_next_dist_51049c13._.js:2297
[  490784ms] [WARNING] rotate not eligible for reset. Try splitting into individual properties @ http://localhost:3000/_next/static/chunks/d14e7_next_dist_51049c13._.js:2297
[  490784ms] [WARNING] rotate not eligible for reset. Try splitting into individual properties @ http://localhost:3000/_next/static/chunks/d14e7_next_dist_51049c13._.js:2297
[  490798ms] [WARNING] rotate not eligible for reset. Try splitting into individual properties @ http://localhost:3000/_next/static/chunks/d14e7_next_dist_51049c13._.js:2297
[  490798ms] [WARNING] rotate not eligible for reset. Try splitting into individual properties @ http://localhost:3000/_next/static/chunks/d14e7_next_dist_51049c13._.js:2297
[  490805ms] [WARNING] rotate not eligible for reset. Try splitting into individual properties @ http://localhost:3000/_next/static/chunks/d14e7_next_dist_51049c13._.js:2297
[  490805ms] [WARNING] rotate not eligible for reset. Try splitting into individual properties @ http://localhost:3000/_next/static/chunks/d14e7_next_dist_51049c13._.js:2297
[  490812ms] [WARNING] rotate not eligible for reset. Try splitting into individual properties @ http://localhost:3000/_next/static/chunks/d14e7_next_dist_51049c13._.js:2297
[  490812ms] [WARNING] rotate not eligible for reset. Try splitting into individual properties @ http://localhost:3000/_next/static/chunks/d14e7_next_dist_51049c13._.js:2297
[  490819ms] [WARNING] rotate not eligible for reset. Try splitting into individual properties @ http://localhost:3000/_next/static/chunks/d14e7_next_dist_51049c13._.js:2297
[  490819ms] [WARNING] rotate not eligible for reset. Try splitting into individual properties @ http://localhost:3000/_next/static/chunks/d14e7_next_dist_51049c13._.js:2297
[  490826ms] [WARNING] rotate not eligible for reset. Try splitting into individual properties @ http://localhost:3000/_next/static/chunks/d14e7_next_dist_51049c13._.js:2297
[  490826ms] [WARNING] rotate not eligible for reset. Try splitting into individual properties @ http://localhost:3000/_next/static/chunks/d14e7_next_dist_51049c13._.js:2297
[  490833ms] [WARNING] rotate not eligible for reset. Try splitting into individual properties @ http://localhost:3000/_next/static/chunks/d14e7_next_dist_51049c13._.js:2297
[  490833ms] [WARNING] rotate not eligible for reset. Try splitting into individual properties @ http://localhost:3000/_next/static/chunks/d14e7_next_dist_51049c13._.js:2297
[  490840ms] [WARNING] rotate not eligible for reset. Try splitting into individual properties @ http://localhost:3000/_next/static/chunks/d14e7_next_dist_51049c13._.js:2297
[  490840ms] [WARNING] rotate not eligible for reset. Try splitting into individual properties @ http://localhost:3000/_next/static/chunks/d14e7_next_dist_51049c13._.js:2297
[  490853ms] [WARNING] rotate not eligible for reset. Try splitting into individual properties @ http://localhost:3000/_next/static/chunks/d14e7_next_dist_51049c13._.js:2297
[  490853ms] [WARNING] rotate not eligible for reset. Try splitting into individual properties @ http://localhost:3000/_next/static/chunks/d14e7_next_dist_51049c13._.js:2297
[  490861ms] [WARNING] rotate not eligible for reset. Try splitting into individual properties @ http://localhost:3000/_next/static/chunks/d14e7_next_dist_51049c13._.js:2297
[  490861ms] [WARNING] rotate not eligible for reset. Try splitting into individual properties @ http://localhost:3000/_next/static/chunks/d14e7_next_dist_51049c13._.js:2297
[  490867ms] [WARNING] rotate not eligible for reset. Try splitting into individual properties @ http://localhost:3000/_next/static/chunks/d14e7_next_dist_51049c13._.js:2297
[  490867ms] [WARNING] rotate not eligible for reset. Try splitting into individual properties @ http://localhost:3000/_next/static/chunks/d14e7_next_dist_51049c13._.js:2297
[  490874ms] [WARNING] rotate not eligible for reset. Try splitting into individual properties @ http://localhost:3000/_next/static/chunks/d14e7_next_dist_51049c13._.js:2297
[  490874ms] [WARNING] rotate not eligible for reset. Try splitting into individual properties @ http://localhost:3000/_next/static/chunks/d14e7_next_dist_51049c13._.js:2297
[  490881ms] [WARNING] rotate not eligible for reset. Try splitting into individual properties @ http://localhost:3000/_next/static/chunks/d14e7_next_dist_51049c13._.js:2297
[  490881ms] [WARNING] rotate not eligible for reset. Try splitting into individual properties @ http://localhost:3000/_next/static/chunks/d14e7_next_dist_51049c13._.js:2297
[  490888ms] [WARNING] rotate not eligible for reset. Try splitting into individual properties @ http://localhost:3000/_next/static/chunks/d14e7_next_dist_51049c13._.js:2297
[  490889ms] [WARNING] rotate not eligible for reset. Try splitting into individual properties @ http://localhost:3000/_next/static/chunks/d14e7_next_dist_51049c13._.js:2297
[  490902ms] [WARNING] rotate not eligible for reset. Try splitting into individual properties @ http://localhost:3000/_next/static/chunks/d14e7_next_dist_51049c13._.js:2297
[  490902ms] [WARNING] rotate not eligible for reset. Try splitting into individual properties @ http://localhost:3000/_next/static/chunks/d14e7_next_dist_51049c13._.js:2297
[  490916ms] [WARNING] rotate not eligible for reset. Try splitting into individual properties @ http://localhost:3000/_next/static/chunks/d14e7_next_dist_51049c13._.js:2297
[  490916ms] [WARNING] rotate not eligible for reset. Try splitting into individual properties @ http://localhost:3000/_next/static/chunks/d14e7_next_dist_51049c13._.js:2297
[  491103ms] [WARNING] rotate not eligible for reset. Try splitting into individual properties @ http://localhost:3000/_next/static/chunks/d14e7_next_dist_51049c13._.js:2297
[  491104ms] [WARNING] rotate not eligible for reset. Try splitting into individual properties @ http://localhost:3000/_next/static/chunks/d14e7_next_dist_51049c13._.js:2297
[  491117ms] [WARNING] rotate not eligible for reset. Try splitting into individual properties @ http://localhost:3000/_next/static/chunks/d14e7_next_dist_51049c13._.js:2297
[  491118ms] [WARNING] rotate not eligible for reset. Try splitting into individual properties @ http://localhost:3000/_next/static/chunks/d14e7_next_dist_51049c13._.js:2297
[  491124ms] [WARNING] rotate not eligible for reset. Try splitting into individual properties @ http://localhost:3000/_next/static/chunks/d14e7_next_dist_51049c13._.js:2297
[  491125ms] [WARNING] rotate not eligible for reset. Try splitting into individual properties @ http://localhost:3000/_next/static/chunks/d14e7_next_dist_51049c13._.js:2297
[  491131ms] [WARNING] rotate not eligible for reset. Try splitting into individual properties @ http://localhost:3000/_next/static/chunks/d14e7_next_dist_51049c13._.js:2297
[  491131ms] [WARNING] rotate not eligible for reset. Try splitting into individual properties @ http://localhost:3000/_next/static/chunks/d14e7_next_dist_51049c13._.js:2297
[  491138ms] [WARNING] rotate not eligible for reset. Try splitting into individual properties @ http://localhost:3000/_next/static/chunks/d14e7_next_dist_51049c13._.js:2297
[  491138ms] [WARNING] rotate not eligible for reset. Try splitting into individual properties @ http://localhost:3000/_next/static/chunks/d14e7_next_dist_51049c13._.js:2297
[  491146ms] [WARNING] rotate not eligible for reset. Try splitting into individual properties @ http://localhost:3000/_next/static/chunks/d14e7_next_dist_51049c13._.js:2297
[  491146ms] [WARNING] rotate not eligible for reset. Try splitting into individual properties @ http://localhost:3000/_next/static/chunks/d14e7_next_dist_51049c13._.js:2297
[  491152ms] [WARNING] rotate not eligible for reset. Try splitting into individual properties @ http://localhost:3000/_next/static/chunks/d14e7_next_dist_51049c13._.js:2297
[  491152ms] [WARNING] rotate not eligible for reset. Try splitting into individual properties @ http://localhost:3000/_next/static/chunks/d14e7_next_dist_51049c13._.js:2297
[  491166ms] [WARNING] rotate not eligible for reset. Try splitting into individual properties @ http://localhost:3000/_next/static/chunks/d14e7_next_dist_51049c13._.js:2297
[  491166ms] [WARNING] rotate not eligible for reset. Try splitting into individual properties @ http://localhost:3000/_next/static/chunks/d14e7_next_dist_51049c13._.js:2297
[  491173ms] [WARNING] rotate not eligible for reset. Try splitting into individual properties @ http://localhost:3000/_next/static/chunks/d14e7_next_dist_51049c13._.js:2297
[  491173ms] [WARNING] rotate not eligible for reset. Try splitting into individual properties @ http://localhost:3000/_next/static/chunks/d14e7_next_dist_51049c13._.js:2297
[  491180ms] [WARNING] rotate not eligible for reset. Try splitting into individual properties @ http://localhost:3000/_next/static/chunks/d14e7_next_dist_51049c13._.js:2297
[  491180ms] [WARNING] rotate not eligible for reset. Try splitting into individual properties @ http://localhost:3000/_next/static/chunks/d14e7_next_dist_51049c13._.js:2297
[  491187ms] [WARNING] rotate not eligible for reset. Try splitting into individual properties @ http://localhost:3000/_next/static/chunks/d14e7_next_dist_51049c13._.js:2297
[  491187ms] [WARNING] rotate not eligible for reset. Try splitting into individual properties @ http://localhost:3000/_next/static/chunks/d14e7_next_dist_51049c13._.js:2297
[  491194ms] [WARNING] rotate not eligible for reset. Try splitting into individual properties @ http://localhost:3000/_next/static/chunks/d14e7_next_dist_51049c13._.js:2297
[  491194ms] [WARNING] rotate not eligible for reset. Try splitting into individual properties @ http://localhost:3000/_next/static/chunks/d14e7_next_dist_51049c13._.js:2297
[  491201ms] [WARNING] rotate not eligible for reset. Try splitting into individual properties @ http://localhost:3000/_next/static/chunks/d14e7_next_dist_51049c13._.js:2297
[  491201ms] [WARNING] rotate not eligible for reset. Try splitting into individual properties @ http://localhost:3000/_next/static/chunks/d14e7_next_dist_51049c13._.js:2297
[  491214ms] [WARNING] rotate not eligible for reset. Try splitting into individual properties @ http://localhost:3000/_next/static/chunks/d14e7_next_dist_51049c13._.js:2297
[  491214ms] [WARNING] rotate not eligible for reset. Try splitting into individual properties @ http://localhost:3000/_next/static/chunks/d14e7_next_dist_51049c13._.js:2297
[  491222ms] [WARNING] rotate not eligible for reset. Try splitting into individual properties @ http://localhost:3000/_next/static/chunks/d14e7_next_dist_51049c13._.js:2297
[  491222ms] [WARNING] rotate not eligible for reset. Try splitting into individual properties @ http://localhost:3000/_next/static/chunks/d14e7_next_dist_51049c13._.js:2297
[  491268ms] [WARNING] rotate not eligible for reset. Try splitting into individual properties @ http://localhost:3000/_next/static/chunks/d14e7_next_dist_51049c13._.js:2297
[  491268ms] [WARNING] rotate not eligible for reset. Try splitting into individual properties @ http://localhost:3000/_next/static/chunks/d14e7_next_dist_51049c13._.js:2297
[  491290ms] [WARNING] rotate not eligible for reset. Try splitting into individual properties @ http://localhost:3000/_next/static/chunks/d14e7_next_dist_51049c13._.js:2297
[  491290ms] [WARNING] rotate not eligible for reset. Try splitting into individual properties @ http://localhost:3000/_next/static/chunks/d14e7_next_dist_51049c13._.js:2297
[  491310ms] [WARNING] rotate not eligible for reset. Try splitting into individual properties @ http://localhost:3000/_next/static/chunks/d14e7_next_dist_51049c13._.js:2297
[  491311ms] [WARNING] rotate not eligible for reset. Try splitting into individual properties @ http://localhost:3000/_next/static/chunks/d14e7_next_dist_51049c13._.js:2297
[  491339ms] [WARNING] rotate not eligible for reset. Try splitting into individual properties @ http://localhost:3000/_next/static/chunks/d14e7_next_dist_51049c13._.js:2297
[  491340ms] [WARNING] rotate not eligible for reset. Try splitting into individual properties @ http://localhost:3000/_next/static/chunks/d14e7_next_dist_51049c13._.js:2297
[  491555ms] [WARNING] rotate not eligible for reset. Try splitting into individual properties @ http://localhost:3000/_next/static/chunks/d14e7_next_dist_51049c13._.js:2297
[  491556ms] [WARNING] rotate not eligible for reset. Try splitting into individual properties @ http://localhost:3000/_next/static/chunks/d14e7_next_dist_51049c13._.js:2297
[  491569ms] [WARNING] rotate not eligible for reset. Try splitting into individual properties @ http://localhost:3000/_next/static/chunks/d14e7_next_dist_51049c13._.js:2297
[  491570ms] [WARNING] rotate not eligible for reset. Try splitting into individual properties @ http://localhost:3000/_next/static/chunks/d14e7_next_dist_51049c13._.js:2297
[  491581ms] [WARNING] rotate not eligible for reset. Try splitting into individual properties @ http://localhost:3000/_next/static/chunks/d14e7_next_dist_51049c13._.js:2297
[  491582ms] [WARNING] rotate not eligible for reset. Try splitting into individual properties @ http://localhost:3000/_next/static/chunks/d14e7_next_dist_51049c13._.js:2297
[  491604ms] [WARNING] rotate not eligible for reset. Try splitting into individual properties @ http://localhost:3000/_next/static/chunks/d14e7_next_dist_51049c13._.js:2297
[  491604ms] [WARNING] rotate not eligible for reset. Try splitting into individual properties @ http://localhost:3000/_next/static/chunks/d14e7_next_dist_51049c13._.js:2297
[  491624ms] [WARNING] rotate not eligible for reset. Try splitting into individual properties @ http://localhost:3000/_next/static/chunks/d14e7_next_dist_51049c13._.js:2297
[  491625ms] [WARNING] rotate not eligible for reset. Try splitting into individual properties @ http://localhost:3000/_next/static/chunks/d14e7_next_dist_51049c13._.js:2297
[  491631ms] [WARNING] rotate not eligible for reset. Try splitting into individual properties @ http://localhost:3000/_next/static/chunks/d14e7_next_dist_51049c13._.js:2297
[  491631ms] [WARNING] rotate not eligible for reset. Try splitting into individual properties @ http://localhost:3000/_next/static/chunks/d14e7_next_dist_51049c13._.js:2297
[  491645ms] [WARNING] rotate not eligible for reset. Try splitting into individual properties @ http://localhost:3000/_next/static/chunks/d14e7_next_dist_51049c13._.js:2297
[  491646ms] [WARNING] rotate not eligible for reset. Try splitting into individual properties @ http://localhost:3000/_next/static/chunks/d14e7_next_dist_51049c13._.js:2297
[  491652ms] [WARNING] rotate not eligible for reset. Try splitting into individual properties @ http://localhost:3000/_next/static/chunks/d14e7_next_dist_51049c13._.js:2297
[  491652ms] [WARNING] rotate not eligible for reset. Try splitting into individual properties @ http://localhost:3000/_next/static/chunks/d14e7_next_dist_51049c13._.js:2297
[  491660ms] [WARNING] rotate not eligible for reset. Try splitting into individual properties @ http://localhost:3000/_next/static/chunks/d14e7_next_dist_51049c13._.js:2297
[  491660ms] [WARNING] rotate not eligible for reset. Try splitting into individual properties @ http://localhost:3000/_next/static/chunks/d14e7_next_dist_51049c13._.js:2297
[  491669ms] [WARNING] rotate not eligible for reset. Try splitting into individual properties @ http://localhost:3000/_next/static/chunks/d14e7_next_dist_51049c13._.js:2297
[  491669ms] [WARNING] rotate not eligible for reset. Try splitting into individual properties @ http://localhost:3000/_next/static/chunks/d14e7_next_dist_51049c13._.js:2297
[  491681ms] [WARNING] rotate not eligible for reset. Try splitting into individual properties @ http://localhost:3000/_next/static/chunks/d14e7_next_dist_51049c13._.js:2297
[  491682ms] [WARNING] rotate not eligible for reset. Try splitting into individual properties @ http://localhost:3000/_next/static/chunks/d14e7_next_dist_51049c13._.js:2297
[  491690ms] [WARNING] rotate not eligible for reset. Try splitting into individual properties @ http://localhost:3000/_next/static/chunks/d14e7_next_dist_51049c13._.js:2297
[  491690ms] [WARNING] rotate not eligible for reset. Try splitting into individual properties @ http://localhost:3000/_next/static/chunks/d14e7_next_dist_51049c13._.js:2297
[  491697ms] [WARNING] rotate not eligible for reset. Try splitting into individual properties @ http://localhost:3000/_next/static/chunks/d14e7_next_dist_51049c13._.js:2297
[  491697ms] [WARNING] rotate not eligible for reset. Try splitting into individual properties @ http://localhost:3000/_next/static/chunks/d14e7_next_dist_51049c13._.js:2297
[  491710ms] [WARNING] rotate not eligible for reset. Try splitting into individual properties @ http://localhost:3000/_next/static/chunks/d14e7_next_dist_51049c13._.js:2297
[  491710ms] [WARNING] rotate not eligible for reset. Try splitting into individual properties @ http://localhost:3000/_next/static/chunks/d14e7_next_dist_51049c13._.js:2297
[  491722ms] [WARNING] rotate not eligible for reset. Try splitting into individual properties @ http://localhost:3000/_next/static/chunks/d14e7_next_dist_51049c13._.js:2297
[  491722ms] [WARNING] rotate not eligible for reset. Try splitting into individual properties @ http://localhost:3000/_next/static/chunks/d14e7_next_dist_51049c13._.js:2297
[  492194ms] [WARNING] rotate not eligible for reset. Try splitting into individual properties @ http://localhost:3000/_next/static/chunks/d14e7_next_dist_51049c13._.js:2297
[  492194ms] [WARNING] rotate not eligible for reset. Try splitting into individual properties @ http://localhost:3000/_next/static/chunks/d14e7_next_dist_51049c13._.js:2297
[  492249ms] [WARNING] rotate not eligible for reset. Try splitting into individual properties @ http://localhost:3000/_next/static/chunks/d14e7_next_dist_51049c13._.js:2297
[  492249ms] [WARNING] rotate not eligible for reset. Try splitting into individual properties @ http://localhost:3000/_next/static/chunks/d14e7_next_dist_51049c13._.js:2297
[  492256ms] [WARNING] rotate not eligible for reset. Try splitting into individual properties @ http://localhost:3000/_next/static/chunks/d14e7_next_dist_51049c13._.js:2297
[  492256ms] [WARNING] rotate not eligible for reset. Try splitting into individual properties @ http://localhost:3000/_next/static/chunks/d14e7_next_dist_51049c13._.js:2297
[  492270ms] [WARNING] rotate not eligible for reset. Try splitting into individual properties @ http://localhost:3000/_next/static/chunks/d14e7_next_dist_51049c13._.js:2297
[  492270ms] [WARNING] rotate not eligible for reset. Try splitting into individual properties @ http://localhost:3000/_next/static/chunks/d14e7_next_dist_51049c13._.js:2297
[  492298ms] [WARNING] rotate not eligible for reset. Try splitting into individual properties @ http://localhost:3000/_next/static/chunks/d14e7_next_dist_51049c13._.js:2297
[  492298ms] [WARNING] rotate not eligible for reset. Try splitting into individual properties @ http://localhost:3000/_next/static/chunks/d14e7_next_dist_51049c13._.js:2297
[  493506ms] [WARNING] rotate not eligible for reset. Try splitting into individual properties @ http://localhost:3000/_next/static/chunks/d14e7_next_dist_51049c13._.js:2297
[  493507ms] [WARNING] rotate not eligible for reset. Try splitting into individual properties @ http://localhost:3000/_next/static/chunks/d14e7_next_dist_51049c13._.js:2297
[  493513ms] [WARNING] rotate not eligible for reset. Try splitting into individual properties @ http://localhost:3000/_next/static/chunks/d14e7_next_dist_51049c13._.js:2297
[  493513ms] [WARNING] rotate not eligible for reset. Try splitting into individual properties @ http://localhost:3000/_next/static/chunks/d14e7_next_dist_51049c13._.js:2297
[  493520ms] [WARNING] rotate not eligible for reset. Try splitting into individual properties @ http://localhost:3000/_next/static/chunks/d14e7_next_dist_51049c13._.js:2297
[  493520ms] [WARNING] rotate not eligible for reset. Try splitting into individual properties @ http://localhost:3000/_next/static/chunks/d14e7_next_dist_51049c13._.js:2297
[  493527ms] [WARNING] rotate not eligible for reset. Try splitting into individual properties @ http://localhost:3000/_next/static/chunks/d14e7_next_dist_51049c13._.js:2297
[  493527ms] [WARNING] rotate not eligible for reset. Try splitting into individual properties @ http://localhost:3000/_next/static/chunks/d14e7_next_dist_51049c13._.js:2297
[  493541ms] [WARNING] rotate not eligible for reset. Try splitting into individual properties @ http://localhost:3000/_next/static/chunks/d14e7_next_dist_51049c13._.js:2297
[  493541ms] [WARNING] rotate not eligible for reset. Try splitting into individual properties @ http://localhost:3000/_next/static/chunks/d14e7_next_dist_51049c13._.js:2297
[  493548ms] [WARNING] rotate not eligible for reset. Try splitting into individual properties @ http://localhost:3000/_next/static/chunks/d14e7_next_dist_51049c13._.js:2297
[  493548ms] [WARNING] rotate not eligible for reset. Try splitting into individual properties @ http://localhost:3000/_next/static/chunks/d14e7_next_dist_51049c13._.js:2297
[  493555ms] [WARNING] rotate not eligible for reset. Try splitting into individual properties @ http://localhost:3000/_next/static/chunks/d14e7_next_dist_51049c13._.js:2297
[  493555ms] [WARNING] rotate not eligible for reset. Try splitting into individual properties @ http://localhost:3000/_next/static/chunks/d14e7_next_dist_51049c13._.js:2297
[  493563ms] [WARNING] rotate not eligible for reset. Try splitting into individual properties @ http://localhost:3000/_next/static/chunks/d14e7_next_dist_51049c13._.js:2297
[  493563ms] [WARNING] rotate not eligible for reset. Try splitting into individual properties @ http://localhost:3000/_next/static/chunks/d14e7_next_dist_51049c13._.js:2297
[  493583ms] [WARNING] rotate not eligible for reset. Try splitting into individual properties @ http://localhost:3000/_next/static/chunks/d14e7_next_dist_51049c13._.js:2297
[  493583ms] [WARNING] rotate not eligible for reset. Try splitting into individual properties @ http://localhost:3000/_next/static/chunks/d14e7_next_dist_51049c13._.js:2297
[  493590ms] [WARNING] rotate not eligible for reset. Try splitting into individual properties @ http://localhost:3000/_next/static/chunks/d14e7_next_dist_51049c13._.js:2297
[  493590ms] [WARNING] rotate not eligible for reset. Try splitting into individual properties @ http://localhost:3000/_next/static/chunks/d14e7_next_dist_51049c13._.js:2297
[  493617ms] [WARNING] rotate not eligible for reset. Try splitting into individual properties @ http://localhost:3000/_next/static/chunks/d14e7_next_dist_51049c13._.js:2297
[  493618ms] [WARNING] rotate not eligible for reset. Try splitting into individual properties @ http://localhost:3000/_next/static/chunks/d14e7_next_dist_51049c13._.js:2297
[  493629ms] [WARNING] rotate not eligible for reset. Try splitting into individual properties @ http://localhost:3000/_next/static/chunks/d14e7_next_dist_51049c13._.js:2297
[  493629ms] [WARNING] rotate not eligible for reset. Try splitting into individual properties @ http://localhost:3000/_next/static/chunks/d14e7_next_dist_51049c13._.js:2297
[  493636ms] [WARNING] rotate not eligible for reset. Try splitting into individual properties @ http://localhost:3000/_next/static/chunks/d14e7_next_dist_51049c13._.js:2297
[  493636ms] [WARNING] rotate not eligible for reset. Try splitting into individual properties @ http://localhost:3000/_next/static/chunks/d14e7_next_dist_51049c13._.js:2297
[  493640ms] [WARNING] rotate not eligible for reset. Try splitting into individual properties @ http://localhost:3000/_next/static/chunks/d14e7_next_dist_51049c13._.js:2297
[  493641ms] [WARNING] rotate not eligible for reset. Try splitting into individual properties @ http://localhost:3000/_next/static/chunks/d14e7_next_dist_51049c13._.js:2297
[  493659ms] [WARNING] rotate not eligible for reset. Try splitting into individual properties @ http://localhost:3000/_next/static/chunks/d14e7_next_dist_51049c13._.js:2297
[  493659ms] [WARNING] rotate not eligible for reset. Try splitting into individual properties @ http://localhost:3000/_next/static/chunks/d14e7_next_dist_51049c13._.js:2297
[  493666ms] [WARNING] rotate not eligible for reset. Try splitting into individual properties @ http://localhost:3000/_next/static/chunks/d14e7_next_dist_51049c13._.js:2297
[  493666ms] [WARNING] rotate not eligible for reset. Try splitting into individual properties @ http://localhost:3000/_next/static/chunks/d14e7_next_dist_51049c13._.js:2297
[  493674ms] [WARNING] rotate not eligible for reset. Try splitting into individual properties @ http://localhost:3000/_next/static/chunks/d14e7_next_dist_51049c13._.js:2297
[  493674ms] [WARNING] rotate not eligible for reset. Try splitting into individual properties @ http://localhost:3000/_next/static/chunks/d14e7_next_dist_51049c13._.js:2297
[  493694ms] [WARNING] rotate not eligible for reset. Try splitting into individual properties @ http://localhost:3000/_next/static/chunks/d14e7_next_dist_51049c13._.js:2297
[  493694ms] [WARNING] rotate not eligible for reset. Try splitting into individual properties @ http://localhost:3000/_next/static/chunks/d14e7_next_dist_51049c13._.js:2297
[  493708ms] [WARNING] rotate not eligible for reset. Try splitting into individual properties @ http://localhost:3000/_next/static/chunks/d14e7_next_dist_51049c13._.js:2297
[  493708ms] [WARNING] rotate not eligible for reset. Try splitting into individual properties @ http://localhost:3000/_next/static/chunks/d14e7_next_dist_51049c13._.js:2297
[  493716ms] [WARNING] rotate not eligible for reset. Try splitting into individual properties @ http://localhost:3000/_next/static/chunks/d14e7_next_dist_51049c13._.js:2297
[  493716ms] [WARNING] rotate not eligible for reset. Try splitting into individual properties @ http://localhost:3000/_next/static/chunks/d14e7_next_dist_51049c13._.js:2297
[  493722ms] [WARNING] rotate not eligible for reset. Try splitting into individual properties @ http://localhost:3000/_next/static/chunks/d14e7_next_dist_51049c13._.js:2297
[  493723ms] [WARNING] rotate not eligible for reset. Try splitting into individual properties @ http://localhost:3000/_next/static/chunks/d14e7_next_dist_51049c13._.js:2297
[  493729ms] [WARNING] rotate not eligible for reset. Try splitting into individual properties @ http://localhost:3000/_next/static/chunks/d14e7_next_dist_51049c13._.js:2297
[  493730ms] [WARNING] rotate not eligible for reset. Try splitting into individual properties @ http://localhost:3000/_next/static/chunks/d14e7_next_dist_51049c13._.js:2297
[  493742ms] [WARNING] rotate not eligible for reset. Try splitting into individual properties @ http://localhost:3000/_next/static/chunks/d14e7_next_dist_51049c13._.js:2297
[  493743ms] [WARNING] rotate not eligible for reset. Try splitting into individual properties @ http://localhost:3000/_next/static/chunks/d14e7_next_dist_51049c13._.js:2297
[  493750ms] [WARNING] rotate not eligible for reset. Try splitting into individual properties @ http://localhost:3000/_next/static/chunks/d14e7_next_dist_51049c13._.js:2297
[  493750ms] [WARNING] rotate not eligible for reset. Try splitting into individual properties @ http://localhost:3000/_next/static/chunks/d14e7_next_dist_51049c13._.js:2297
[  493757ms] [WARNING] rotate not eligible for reset. Try splitting into individual properties @ http://localhost:3000/_next/static/chunks/d14e7_next_dist_51049c13._.js:2297
[  493757ms] [WARNING] rotate not eligible for reset. Try splitting into individual properties @ http://localhost:3000/_next/static/chunks/d14e7_next_dist_51049c13._.js:2297
[  493763ms] [WARNING] rotate not eligible for reset. Try splitting into individual properties @ http://localhost:3000/_next/static/chunks/d14e7_next_dist_51049c13._.js:2297
[  493764ms] [WARNING] rotate not eligible for reset. Try splitting into individual properties @ http://localhost:3000/_next/static/chunks/d14e7_next_dist_51049c13._.js:2297
[  493770ms] [WARNING] rotate not eligible for reset. Try splitting into individual properties @ http://localhost:3000/_next/static/chunks/d14e7_next_dist_51049c13._.js:2297
[  493770ms] [WARNING] rotate not eligible for reset. Try splitting into individual properties @ http://localhost:3000/_next/static/chunks/d14e7_next_dist_51049c13._.js:2297
[  493777ms] [WARNING] rotate not eligible for reset. Try splitting into individual properties @ http://localhost:3000/_next/static/chunks/d14e7_next_dist_51049c13._.js:2297
[  493777ms] [WARNING] rotate not eligible for reset. Try splitting into individual properties @ http://localhost:3000/_next/static/chunks/d14e7_next_dist_51049c13._.js:2297
[  493784ms] [WARNING] rotate not eligible for reset. Try splitting into individual properties @ http://localhost:3000/_next/static/chunks/d14e7_next_dist_51049c13._.js:2297
[  493784ms] [WARNING] rotate not eligible for reset. Try splitting into individual properties @ http://localhost:3000/_next/static/chunks/d14e7_next_dist_51049c13._.js:2297
[  493798ms] [WARNING] rotate not eligible for reset. Try splitting into individual properties @ http://localhost:3000/_next/static/chunks/d14e7_next_dist_51049c13._.js:2297
[  493798ms] [WARNING] rotate not eligible for reset. Try splitting into individual properties @ http://localhost:3000/_next/static/chunks/d14e7_next_dist_51049c13._.js:2297
[  493807ms] [WARNING] rotate not eligible for reset. Try splitting into individual properties @ http://localhost:3000/_next/static/chunks/d14e7_next_dist_51049c13._.js:2297
[  493807ms] [WARNING] rotate not eligible for reset. Try splitting into individual properties @ http://localhost:3000/_next/static/chunks/d14e7_next_dist_51049c13._.js:2297
[  493925ms] [WARNING] rotate not eligible for reset. Try splitting into individual properties @ http://localhost:3000/_next/static/chunks/d14e7_next_dist_51049c13._.js:2297
[  493926ms] [WARNING] rotate not eligible for reset. Try splitting into individual properties @ http://localhost:3000/_next/static/chunks/d14e7_next_dist_51049c13._.js:2297
[  493940ms] [WARNING] rotate not eligible for reset. Try splitting into individual properties @ http://localhost:3000/_next/static/chunks/d14e7_next_dist_51049c13._.js:2297
[  493940ms] [WARNING] rotate not eligible for reset. Try splitting into individual properties @ http://localhost:3000/_next/static/chunks/d14e7_next_dist_51049c13._.js:2297
[  493952ms] [WARNING] rotate not eligible for reset. Try splitting into individual properties @ http://localhost:3000/_next/static/chunks/d14e7_next_dist_51049c13._.js:2297
[  493953ms] [WARNING] rotate not eligible for reset. Try splitting into individual properties @ http://localhost:3000/_next/static/chunks/d14e7_next_dist_51049c13._.js:2297
[  493958ms] [WARNING] rotate not eligible for reset. Try splitting into individual properties @ http://localhost:3000/_next/static/chunks/d14e7_next_dist_51049c13._.js:2297
[  493959ms] [WARNING] rotate not eligible for reset. Try splitting into individual properties @ http://localhost:3000/_next/static/chunks/d14e7_next_dist_51049c13._.js:2297
[  493965ms] [WARNING] rotate not eligible for reset. Try splitting into individual properties @ http://localhost:3000/_next/static/chunks/d14e7_next_dist_51049c13._.js:2297
[  493965ms] [WARNING] rotate not eligible for reset. Try splitting into individual properties @ http://localhost:3000/_next/static/chunks/d14e7_next_dist_51049c13._.js:2297
[  493972ms] [WARNING] rotate not eligible for reset. Try splitting into individual properties @ http://localhost:3000/_next/static/chunks/d14e7_next_dist_51049c13._.js:2297
[  493972ms] [WARNING] rotate not eligible for reset. Try splitting into individual properties @ http://localhost:3000/_next/static/chunks/d14e7_next_dist_51049c13._.js:2297
[  493978ms] [WARNING] rotate not eligible for reset. Try splitting into individual properties @ http://localhost:3000/_next/static/chunks/d14e7_next_dist_51049c13._.js:2297
[  493979ms] [WARNING] rotate not eligible for reset. Try splitting into individual properties @ http://localhost:3000/_next/static/chunks/d14e7_next_dist_51049c13._.js:2297
[  493985ms] [WARNING] rotate not eligible for reset. Try splitting into individual properties @ http://localhost:3000/_next/static/chunks/d14e7_next_dist_51049c13._.js:2297
[  493986ms] [WARNING] rotate not eligible for reset. Try splitting into individual properties @ http://localhost:3000/_next/static/chunks/d14e7_next_dist_51049c13._.js:2297
[  493992ms] [WARNING] rotate not eligible for reset. Try splitting into individual properties @ http://localhost:3000/_next/static/chunks/d14e7_next_dist_51049c13._.js:2297
[  493992ms] [WARNING] rotate not eligible for reset. Try splitting into individual properties @ http://localhost:3000/_next/static/chunks/d14e7_next_dist_51049c13._.js:2297
[  493999ms] [WARNING] rotate not eligible for reset. Try splitting into individual properties @ http://localhost:3000/_next/static/chunks/d14e7_next_dist_51049c13._.js:2297
[  493999ms] [WARNING] rotate not eligible for reset. Try splitting into individual properties @ http://localhost:3000/_next/static/chunks/d14e7_next_dist_51049c13._.js:2297
[  494013ms] [WARNING] rotate not eligible for reset. Try splitting into individual properties @ http://localhost:3000/_next/static/chunks/d14e7_next_dist_51049c13._.js:2297
[  494013ms] [WARNING] rotate not eligible for reset. Try splitting into individual properties @ http://localhost:3000/_next/static/chunks/d14e7_next_dist_51049c13._.js:2297
[  494020ms] [WARNING] rotate not eligible for reset. Try splitting into individual properties @ http://localhost:3000/_next/static/chunks/d14e7_next_dist_51049c13._.js:2297
[  494020ms] [WARNING] rotate not eligible for reset. Try splitting into individual properties @ http://localhost:3000/_next/static/chunks/d14e7_next_dist_51049c13._.js:2297
[  494027ms] [WARNING] rotate not eligible for reset. Try splitting into individual properties @ http://localhost:3000/_next/static/chunks/d14e7_next_dist_51049c13._.js:2297
[  494027ms] [WARNING] rotate not eligible for reset. Try splitting into individual properties @ http://localhost:3000/_next/static/chunks/d14e7_next_dist_51049c13._.js:2297
[  494034ms] [WARNING] rotate not eligible for reset. Try splitting into individual properties @ http://localhost:3000/_next/static/chunks/d14e7_next_dist_51049c13._.js:2297
[  494034ms] [WARNING] rotate not eligible for reset. Try splitting into individual properties @ http://localhost:3000/_next/static/chunks/d14e7_next_dist_51049c13._.js:2297
[  494041ms] [WARNING] rotate not eligible for reset. Try splitting into individual properties @ http://localhost:3000/_next/static/chunks/d14e7_next_dist_51049c13._.js:2297
[  494041ms] [WARNING] rotate not eligible for reset. Try splitting into individual properties @ http://localhost:3000/_next/static/chunks/d14e7_next_dist_51049c13._.js:2297
[  494048ms] [WARNING] rotate not eligible for reset. Try splitting into individual properties @ http://localhost:3000/_next/static/chunks/d14e7_next_dist_51049c13._.js:2297
[  494048ms] [WARNING] rotate not eligible for reset. Try splitting into individual properties @ http://localhost:3000/_next/static/chunks/d14e7_next_dist_51049c13._.js:2297
[  494062ms] [WARNING] rotate not eligible for reset. Try splitting into individual properties @ http://localhost:3000/_next/static/chunks/d14e7_next_dist_51049c13._.js:2297
[  494062ms] [WARNING] rotate not eligible for reset. Try splitting into individual properties @ http://localhost:3000/_next/static/chunks/d14e7_next_dist_51049c13._.js:2297
[  494069ms] [WARNING] rotate not eligible for reset. Try splitting into individual properties @ http://localhost:3000/_next/static/chunks/d14e7_next_dist_51049c13._.js:2297
[  494069ms] [WARNING] rotate not eligible for reset. Try splitting into individual properties @ http://localhost:3000/_next/static/chunks/d14e7_next_dist_51049c13._.js:2297
[  494076ms] [WARNING] rotate not eligible for reset. Try splitting into individual properties @ http://localhost:3000/_next/static/chunks/d14e7_next_dist_51049c13._.js:2297
[  494076ms] [WARNING] rotate not eligible for reset. Try splitting into individual properties @ http://localhost:3000/_next/static/chunks/d14e7_next_dist_51049c13._.js:2297
[  494083ms] [WARNING] rotate not eligible for reset. Try splitting into individual properties @ http://localhost:3000/_next/static/chunks/d14e7_next_dist_51049c13._.js:2297
[  494083ms] [WARNING] rotate not eligible for reset. Try splitting into individual properties @ http://localhost:3000/_next/static/chunks/d14e7_next_dist_51049c13._.js:2297
[  494090ms] [WARNING] rotate not eligible for reset. Try splitting into individual properties @ http://localhost:3000/_next/static/chunks/d14e7_next_dist_51049c13._.js:2297
[  494090ms] [WARNING] rotate not eligible for reset. Try splitting into individual properties @ http://localhost:3000/_next/static/chunks/d14e7_next_dist_51049c13._.js:2297
[  494096ms] [WARNING] rotate not eligible for reset. Try splitting into individual properties @ http://localhost:3000/_next/static/chunks/d14e7_next_dist_51049c13._.js:2297
[  494096ms] [WARNING] rotate not eligible for reset. Try splitting into individual properties @ http://localhost:3000/_next/static/chunks/d14e7_next_dist_51049c13._.js:2297
[  494103ms] [WARNING] rotate not eligible for reset. Try splitting into individual properties @ http://localhost:3000/_next/static/chunks/d14e7_next_dist_51049c13._.js:2297
[  494104ms] [WARNING] rotate not eligible for reset. Try splitting into individual properties @ http://localhost:3000/_next/static/chunks/d14e7_next_dist_51049c13._.js:2297
[  494117ms] [WARNING] rotate not eligible for reset. Try splitting into individual properties @ http://localhost:3000/_next/static/chunks/d14e7_next_dist_51049c13._.js:2297
[  494118ms] [WARNING] rotate not eligible for reset. Try splitting into individual properties @ http://localhost:3000/_next/static/chunks/d14e7_next_dist_51049c13._.js:2297
[  494124ms] [WARNING] rotate not eligible for reset. Try splitting into individual properties @ http://localhost:3000/_next/static/chunks/d14e7_next_dist_51049c13._.js:2297
[  494124ms] [WARNING] rotate not eligible for reset. Try splitting into individual properties @ http://localhost:3000/_next/static/chunks/d14e7_next_dist_51049c13._.js:2297
[  494166ms] [WARNING] rotate not eligible for reset. Try splitting into individual properties @ http://localhost:3000/_next/static/chunks/d14e7_next_dist_51049c13._.js:2297
[  494166ms] [WARNING] rotate not eligible for reset. Try splitting into individual properties @ http://localhost:3000/_next/static/chunks/d14e7_next_dist_51049c13._.js:2297
[  494173ms] [WARNING] rotate not eligible for reset. Try splitting into individual properties @ http://localhost:3000/_next/static/chunks/d14e7_next_dist_51049c13._.js:2297
[  494173ms] [WARNING] rotate not eligible for reset. Try splitting into individual properties @ http://localhost:3000/_next/static/chunks/d14e7_next_dist_51049c13._.js:2297
[  494180ms] [WARNING] rotate not eligible for reset. Try splitting into individual properties @ http://localhost:3000/_next/static/chunks/d14e7_next_dist_51049c13._.js:2297
[  494181ms] [WARNING] rotate not eligible for reset. Try splitting into individual properties @ http://localhost:3000/_next/static/chunks/d14e7_next_dist_51049c13._.js:2297
[  494187ms] [WARNING] rotate not eligible for reset. Try splitting into individual properties @ http://localhost:3000/_next/static/chunks/d14e7_next_dist_51049c13._.js:2297
[  494187ms] [WARNING] rotate not eligible for reset. Try splitting into individual properties @ http://localhost:3000/_next/static/chunks/d14e7_next_dist_51049c13._.js:2297
[  494195ms] [WARNING] rotate not eligible for reset. Try splitting into individual properties @ http://localhost:3000/_next/static/chunks/d14e7_next_dist_51049c13._.js:2297
[  494195ms] [WARNING] rotate not eligible for reset. Try splitting into individual properties @ http://localhost:3000/_next/static/chunks/d14e7_next_dist_51049c13._.js:2297
[  494202ms] [WARNING] rotate not eligible for reset. Try splitting into individual properties @ http://localhost:3000/_next/static/chunks/d14e7_next_dist_51049c13._.js:2297
[  494202ms] [WARNING] rotate not eligible for reset. Try splitting into individual properties @ http://localhost:3000/_next/static/chunks/d14e7_next_dist_51049c13._.js:2297
[  494216ms] [WARNING] rotate not eligible for reset. Try splitting into individual properties @ http://localhost:3000/_next/static/chunks/d14e7_next_dist_51049c13._.js:2297
[  494217ms] [WARNING] rotate not eligible for reset. Try splitting into individual properties @ http://localhost:3000/_next/static/chunks/d14e7_next_dist_51049c13._.js:2297
[  494228ms] [WARNING] rotate not eligible for reset. Try splitting into individual properties @ http://localhost:3000/_next/static/chunks/d14e7_next_dist_51049c13._.js:2297
[  494228ms] [WARNING] rotate not eligible for reset. Try splitting into individual properties @ http://localhost:3000/_next/static/chunks/d14e7_next_dist_51049c13._.js:2297
[  494235ms] [WARNING] rotate not eligible for reset. Try splitting into individual properties @ http://localhost:3000/_next/static/chunks/d14e7_next_dist_51049c13._.js:2297
[  494235ms] [WARNING] rotate not eligible for reset. Try splitting into individual properties @ http://localhost:3000/_next/static/chunks/d14e7_next_dist_51049c13._.js:2297
[  494242ms] [WARNING] rotate not eligible for reset. Try splitting into individual properties @ http://localhost:3000/_next/static/chunks/d14e7_next_dist_51049c13._.js:2297
[  494242ms] [WARNING] rotate not eligible for reset. Try splitting into individual properties @ http://localhost:3000/_next/static/chunks/d14e7_next_dist_51049c13._.js:2297
[  494249ms] [WARNING] rotate not eligible for reset. Try splitting into individual properties @ http://localhost:3000/_next/static/chunks/d14e7_next_dist_51049c13._.js:2297
[  494249ms] [WARNING] rotate not eligible for reset. Try splitting into individual properties @ http://localhost:3000/_next/static/chunks/d14e7_next_dist_51049c13._.js:2297
[  494256ms] [WARNING] rotate not eligible for reset. Try splitting into individual properties @ http://localhost:3000/_next/static/chunks/d14e7_next_dist_51049c13._.js:2297
[  494256ms] [WARNING] rotate not eligible for reset. Try splitting into individual properties @ http://localhost:3000/_next/static/chunks/d14e7_next_dist_51049c13._.js:2297
[  494263ms] [WARNING] rotate not eligible for reset. Try splitting into individual properties @ http://localhost:3000/_next/static/chunks/d14e7_next_dist_51049c13._.js:2297
[  494264ms] [WARNING] rotate not eligible for reset. Try splitting into individual properties @ http://localhost:3000/_next/static/chunks/d14e7_next_dist_51049c13._.js:2297
[  494277ms] [WARNING] rotate not eligible for reset. Try splitting into individual properties @ http://localhost:3000/_next/static/chunks/d14e7_next_dist_51049c13._.js:2297
[  494277ms] [WARNING] rotate not eligible for reset. Try splitting into individual properties @ http://localhost:3000/_next/static/chunks/d14e7_next_dist_51049c13._.js:2297
[  494284ms] [WARNING] rotate not eligible for reset. Try splitting into individual properties @ http://localhost:3000/_next/static/chunks/d14e7_next_dist_51049c13._.js:2297
[  494284ms] [WARNING] rotate not eligible for reset. Try splitting into individual properties @ http://localhost:3000/_next/static/chunks/d14e7_next_dist_51049c13._.js:2297
[  494291ms] [WARNING] rotate not eligible for reset. Try splitting into individual properties @ http://localhost:3000/_next/static/chunks/d14e7_next_dist_51049c13._.js:2297
[  494291ms] [WARNING] rotate not eligible for reset. Try splitting into individual properties @ http://localhost:3000/_next/static/chunks/d14e7_next_dist_51049c13._.js:2297
[  494298ms] [WARNING] rotate not eligible for reset. Try splitting into individual properties @ http://localhost:3000/_next/static/chunks/d14e7_next_dist_51049c13._.js:2297
[  494298ms] [WARNING] rotate not eligible for reset. Try splitting into individual properties @ http://localhost:3000/_next/static/chunks/d14e7_next_dist_51049c13._.js:2297
[  494306ms] [WARNING] rotate not eligible for reset. Try splitting into individual properties @ http://localhost:3000/_next/static/chunks/d14e7_next_dist_51049c13._.js:2297
[  494306ms] [WARNING] rotate not eligible for reset. Try splitting into individual properties @ http://localhost:3000/_next/static/chunks/d14e7_next_dist_51049c13._.js:2297
[  494312ms] [WARNING] rotate not eligible for reset. Try splitting into individual properties @ http://localhost:3000/_next/static/chunks/d14e7_next_dist_51049c13._.js:2297
[  494312ms] [WARNING] rotate not eligible for reset. Try splitting into individual properties @ http://localhost:3000/_next/static/chunks/d14e7_next_dist_51049c13._.js:2297
[  494326ms] [WARNING] rotate not eligible for reset. Try splitting into individual properties @ http://localhost:3000/_next/static/chunks/d14e7_next_dist_51049c13._.js:2297
[  494326ms] [WARNING] rotate not eligible for reset. Try splitting into individual properties @ http://localhost:3000/_next/static/chunks/d14e7_next_dist_51049c13._.js:2297
[  494360ms] [WARNING] rotate not eligible for reset. Try splitting into individual properties @ http://localhost:3000/_next/static/chunks/d14e7_next_dist_51049c13._.js:2297
[  494360ms] [WARNING] rotate not eligible for reset. Try splitting into individual properties @ http://localhost:3000/_next/static/chunks/d14e7_next_dist_51049c13._.js:2297
[  494617ms] [WARNING] rotate not eligible for reset. Try splitting into individual properties @ http://localhost:3000/_next/static/chunks/d14e7_next_dist_51049c13._.js:2297
[  494618ms] [WARNING] rotate not eligible for reset. Try splitting into individual properties @ http://localhost:3000/_next/static/chunks/d14e7_next_dist_51049c13._.js:2297
[  494624ms] [WARNING] rotate not eligible for reset. Try splitting into individual properties @ http://localhost:3000/_next/static/chunks/d14e7_next_dist_51049c13._.js:2297
[  494625ms] [WARNING] rotate not eligible for reset. Try splitting into individual properties @ http://localhost:3000/_next/static/chunks/d14e7_next_dist_51049c13._.js:2297
[  494638ms] [WARNING] rotate not eligible for reset. Try splitting into individual properties @ http://localhost:3000/_next/static/chunks/d14e7_next_dist_51049c13._.js:2297
[  494638ms] [WARNING] rotate not eligible for reset. Try splitting into individual properties @ http://localhost:3000/_next/static/chunks/d14e7_next_dist_51049c13._.js:2297
[  494645ms] [WARNING] rotate not eligible for reset. Try splitting into individual properties @ http://localhost:3000/_next/static/chunks/d14e7_next_dist_51049c13._.js:2297
[  494645ms] [WARNING] rotate not eligible for reset. Try splitting into individual properties @ http://localhost:3000/_next/static/chunks/d14e7_next_dist_51049c13._.js:2297
[  494652ms] [WARNING] rotate not eligible for reset. Try splitting into individual properties @ http://localhost:3000/_next/static/chunks/d14e7_next_dist_51049c13._.js:2297
[  494652ms] [WARNING] rotate not eligible for reset. Try splitting into individual properties @ http://localhost:3000/_next/static/chunks/d14e7_next_dist_51049c13._.js:2297
[  494659ms] [WARNING] rotate not eligible for reset. Try splitting into individual properties @ http://localhost:3000/_next/static/chunks/d14e7_next_dist_51049c13._.js:2297
[  494659ms] [WARNING] rotate not eligible for reset. Try splitting into individual properties @ http://localhost:3000/_next/static/chunks/d14e7_next_dist_51049c13._.js:2297
[  494666ms] [WARNING] rotate not eligible for reset. Try splitting into individual properties @ http://localhost:3000/_next/static/chunks/d14e7_next_dist_51049c13._.js:2297
[  494666ms] [WARNING] rotate not eligible for reset. Try splitting into individual properties @ http://localhost:3000/_next/static/chunks/d14e7_next_dist_51049c13._.js:2297
[  494673ms] [WARNING] rotate not eligible for reset. Try splitting into individual properties @ http://localhost:3000/_next/static/chunks/d14e7_next_dist_51049c13._.js:2297
[  494674ms] [WARNING] rotate not eligible for reset. Try splitting into individual properties @ http://localhost:3000/_next/static/chunks/d14e7_next_dist_51049c13._.js:2297
[  494680ms] [WARNING] rotate not eligible for reset. Try splitting into individual properties @ http://localhost:3000/_next/static/chunks/d14e7_next_dist_51049c13._.js:2297
[  494680ms] [WARNING] rotate not eligible for reset. Try splitting into individual properties @ http://localhost:3000/_next/static/chunks/d14e7_next_dist_51049c13._.js:2297
[  494694ms] [WARNING] rotate not eligible for reset. Try splitting into individual properties @ http://localhost:3000/_next/static/chunks/d14e7_next_dist_51049c13._.js:2297
[  494694ms] [WARNING] rotate not eligible for reset. Try splitting into individual properties @ http://localhost:3000/_next/static/chunks/d14e7_next_dist_51049c13._.js:2297
[  494701ms] [WARNING] rotate not eligible for reset. Try splitting into individual properties @ http://localhost:3000/_next/static/chunks/d14e7_next_dist_51049c13._.js:2297
[  494701ms] [WARNING] rotate not eligible for reset. Try splitting into individual properties @ http://localhost:3000/_next/static/chunks/d14e7_next_dist_51049c13._.js:2297
[  494708ms] [WARNING] rotate not eligible for reset. Try splitting into individual properties @ http://localhost:3000/_next/static/chunks/d14e7_next_dist_51049c13._.js:2297
[  494708ms] [WARNING] rotate not eligible for reset. Try splitting into individual properties @ http://localhost:3000/_next/static/chunks/d14e7_next_dist_51049c13._.js:2297
[  494714ms] [WARNING] rotate not eligible for reset. Try splitting into individual properties @ http://localhost:3000/_next/static/chunks/d14e7_next_dist_51049c13._.js:2297
[  494715ms] [WARNING] rotate not eligible for reset. Try splitting into individual properties @ http://localhost:3000/_next/static/chunks/d14e7_next_dist_51049c13._.js:2297
[  494721ms] [WARNING] rotate not eligible for reset. Try splitting into individual properties @ http://localhost:3000/_next/static/chunks/d14e7_next_dist_51049c13._.js:2297
[  494722ms] [WARNING] rotate not eligible for reset. Try splitting into individual properties @ http://localhost:3000/_next/static/chunks/d14e7_next_dist_51049c13._.js:2297
[  494729ms] [WARNING] rotate not eligible for reset. Try splitting into individual properties @ http://localhost:3000/_next/static/chunks/d14e7_next_dist_51049c13._.js:2297
[  494729ms] [WARNING] rotate not eligible for reset. Try splitting into individual properties @ http://localhost:3000/_next/static/chunks/d14e7_next_dist_51049c13._.js:2297
[  494735ms] [WARNING] rotate not eligible for reset. Try splitting into individual properties @ http://localhost:3000/_next/static/chunks/d14e7_next_dist_51049c13._.js:2297
[  494736ms] [WARNING] rotate not eligible for reset. Try splitting into individual properties @ http://localhost:3000/_next/static/chunks/d14e7_next_dist_51049c13._.js:2297
[  494749ms] [WARNING] rotate not eligible for reset. Try splitting into individual properties @ http://localhost:3000/_next/static/chunks/d14e7_next_dist_51049c13._.js:2297
[  494750ms] [WARNING] rotate not eligible for reset. Try splitting into individual properties @ http://localhost:3000/_next/static/chunks/d14e7_next_dist_51049c13._.js:2297
[  494756ms] [WARNING] rotate not eligible for reset. Try splitting into individual properties @ http://localhost:3000/_next/static/chunks/d14e7_next_dist_51049c13._.js:2297
[  494757ms] [WARNING] rotate not eligible for reset. Try splitting into individual properties @ http://localhost:3000/_next/static/chunks/d14e7_next_dist_51049c13._.js:2297
[  494763ms] [WARNING] rotate not eligible for reset. Try splitting into individual properties @ http://localhost:3000/_next/static/chunks/d14e7_next_dist_51049c13._.js:2297
[  494763ms] [WARNING] rotate not eligible for reset. Try splitting into individual properties @ http://localhost:3000/_next/static/chunks/d14e7_next_dist_51049c13._.js:2297
[  494770ms] [WARNING] rotate not eligible for reset. Try splitting into individual properties @ http://localhost:3000/_next/static/chunks/d14e7_next_dist_51049c13._.js:2297
[  494770ms] [WARNING] rotate not eligible for reset. Try splitting into individual properties @ http://localhost:3000/_next/static/chunks/d14e7_next_dist_51049c13._.js:2297
[  494777ms] [WARNING] rotate not eligible for reset. Try splitting into individual properties @ http://localhost:3000/_next/static/chunks/d14e7_next_dist_51049c13._.js:2297
[  494777ms] [WARNING] rotate not eligible for reset. Try splitting into individual properties @ http://localhost:3000/_next/static/chunks/d14e7_next_dist_51049c13._.js:2297
[  494785ms] [WARNING] rotate not eligible for reset. Try splitting into individual properties @ http://localhost:3000/_next/static/chunks/d14e7_next_dist_51049c13._.js:2297
[  494785ms] [WARNING] rotate not eligible for reset. Try splitting into individual properties @ http://localhost:3000/_next/static/chunks/d14e7_next_dist_51049c13._.js:2297
[  494799ms] [WARNING] rotate not eligible for reset. Try splitting into individual properties @ http://localhost:3000/_next/static/chunks/d14e7_next_dist_51049c13._.js:2297
[  494799ms] [WARNING] rotate not eligible for reset. Try splitting into individual properties @ http://localhost:3000/_next/static/chunks/d14e7_next_dist_51049c13._.js:2297
[  494807ms] [WARNING] rotate not eligible for reset. Try splitting into individual properties @ http://localhost:3000/_next/static/chunks/d14e7_next_dist_51049c13._.js:2297
[  494807ms] [WARNING] rotate not eligible for reset. Try splitting into individual properties @ http://localhost:3000/_next/static/chunks/d14e7_next_dist_51049c13._.js:2297
[  494815ms] [WARNING] rotate not eligible for reset. Try splitting into individual properties @ http://localhost:3000/_next/static/chunks/d14e7_next_dist_51049c13._.js:2297
[  494815ms] [WARNING] rotate not eligible for reset. Try splitting into individual properties @ http://localhost:3000/_next/static/chunks/d14e7_next_dist_51049c13._.js:2297
[  494823ms] [WARNING] rotate not eligible for reset. Try splitting into individual properties @ http://localhost:3000/_next/static/chunks/d14e7_next_dist_51049c13._.js:2297
[  494823ms] [WARNING] rotate not eligible for reset. Try splitting into individual properties @ http://localhost:3000/_next/static/chunks/d14e7_next_dist_51049c13._.js:2297
[  495034ms] [WARNING] rotate not eligible for reset. Try splitting into individual properties @ http://localhost:3000/_next/static/chunks/d14e7_next_dist_51049c13._.js:2297
[  495035ms] [WARNING] rotate not eligible for reset. Try splitting into individual properties @ http://localhost:3000/_next/static/chunks/d14e7_next_dist_51049c13._.js:2297
[  495041ms] [WARNING] rotate not eligible for reset. Try splitting into individual properties @ http://localhost:3000/_next/static/chunks/d14e7_next_dist_51049c13._.js:2297
[  495041ms] [WARNING] rotate not eligible for reset. Try splitting into individual properties @ http://localhost:3000/_next/static/chunks/d14e7_next_dist_51049c13._.js:2297
[  495069ms] [WARNING] rotate not eligible for reset. Try splitting into individual properties @ http://localhost:3000/_next/static/chunks/d14e7_next_dist_51049c13._.js:2297
[  495069ms] [WARNING] rotate not eligible for reset. Try splitting into individual properties @ http://localhost:3000/_next/static/chunks/d14e7_next_dist_51049c13._.js:2297
[  495702ms] [WARNING] rotate not eligible for reset. Try splitting into individual properties @ http://localhost:3000/_next/static/chunks/d14e7_next_dist_51049c13._.js:2297
[  495702ms] [WARNING] rotate not eligible for reset. Try splitting into individual properties @ http://localhost:3000/_next/static/chunks/d14e7_next_dist_51049c13._.js:2297
[  495716ms] [WARNING] rotate not eligible for reset. Try splitting into individual properties @ http://localhost:3000/_next/static/chunks/d14e7_next_dist_51049c13._.js:2297
[  495716ms] [WARNING] rotate not eligible for reset. Try splitting into individual properties @ http://localhost:3000/_next/static/chunks/d14e7_next_dist_51049c13._.js:2297
[  495725ms] [WARNING] rotate not eligible for reset. Try splitting into individual properties @ http://localhost:3000/_next/static/chunks/d14e7_next_dist_51049c13._.js:2297
[  495725ms] [WARNING] rotate not eligible for reset. Try splitting into individual properties @ http://localhost:3000/_next/static/chunks/d14e7_next_dist_51049c13._.js:2297
[  495735ms] [WARNING] rotate not eligible for reset. Try splitting into individual properties @ http://localhost:3000/_next/static/chunks/d14e7_next_dist_51049c13._.js:2297
[  495735ms] [WARNING] rotate not eligible for reset. Try splitting into individual properties @ http://localhost:3000/_next/static/chunks/d14e7_next_dist_51049c13._.js:2297
[  495746ms] [WARNING] rotate not eligible for reset. Try splitting into individual properties @ http://localhost:3000/_next/static/chunks/d14e7_next_dist_51049c13._.js:2297
[  495746ms] [WARNING] rotate not eligible for reset. Try splitting into individual properties @ http://localhost:3000/_next/static/chunks/d14e7_next_dist_51049c13._.js:2297
[  495756ms] [WARNING] rotate not eligible for reset. Try splitting into individual properties @ http://localhost:3000/_next/static/chunks/d14e7_next_dist_51049c13._.js:2297
[  495756ms] [WARNING] rotate not eligible for reset. Try splitting into individual properties @ http://localhost:3000/_next/static/chunks/d14e7_next_dist_51049c13._.js:2297
[  495762ms] [WARNING] rotate not eligible for reset. Try splitting into individual properties @ http://localhost:3000/_next/static/chunks/d14e7_next_dist_51049c13._.js:2297
[  495762ms] [WARNING] rotate not eligible for reset. Try splitting into individual properties @ http://localhost:3000/_next/static/chunks/d14e7_next_dist_51049c13._.js:2297
[  495770ms] [WARNING] rotate not eligible for reset. Try splitting into individual properties @ http://localhost:3000/_next/static/chunks/d14e7_next_dist_51049c13._.js:2297
[  495770ms] [WARNING] rotate not eligible for reset. Try splitting into individual properties @ http://localhost:3000/_next/static/chunks/d14e7_next_dist_51049c13._.js:2297
[  495778ms] [WARNING] rotate not eligible for reset. Try splitting into individual properties @ http://localhost:3000/_next/static/chunks/d14e7_next_dist_51049c13._.js:2297
[  495778ms] [WARNING] rotate not eligible for reset. Try splitting into individual properties @ http://localhost:3000/_next/static/chunks/d14e7_next_dist_51049c13._.js:2297
[  495785ms] [WARNING] rotate not eligible for reset. Try splitting into individual properties @ http://localhost:3000/_next/static/chunks/d14e7_next_dist_51049c13._.js:2297
[  495786ms] [WARNING] rotate not eligible for reset. Try splitting into individual properties @ http://localhost:3000/_next/static/chunks/d14e7_next_dist_51049c13._.js:2297
[  495792ms] [WARNING] rotate not eligible for reset. Try splitting into individual properties @ http://localhost:3000/_next/static/chunks/d14e7_next_dist_51049c13._.js:2297
[  495792ms] [WARNING] rotate not eligible for reset. Try splitting into individual properties @ http://localhost:3000/_next/static/chunks/d14e7_next_dist_51049c13._.js:2297
[  495805ms] [WARNING] rotate not eligible for reset. Try splitting into individual properties @ http://localhost:3000/_next/static/chunks/d14e7_next_dist_51049c13._.js:2297
[  495805ms] [WARNING] rotate not eligible for reset. Try splitting into individual properties @ http://localhost:3000/_next/static/chunks/d14e7_next_dist_51049c13._.js:2297
[  495812ms] [WARNING] rotate not eligible for reset. Try splitting into individual properties @ http://localhost:3000/_next/static/chunks/d14e7_next_dist_51049c13._.js:2297
[  495812ms] [WARNING] rotate not eligible for reset. Try splitting into individual properties @ http://localhost:3000/_next/static/chunks/d14e7_next_dist_51049c13._.js:2297
[  495819ms] [WARNING] rotate not eligible for reset. Try splitting into individual properties @ http://localhost:3000/_next/static/chunks/d14e7_next_dist_51049c13._.js:2297
[  495819ms] [WARNING] rotate not eligible for reset. Try splitting into individual properties @ http://localhost:3000/_next/static/chunks/d14e7_next_dist_51049c13._.js:2297
[  495826ms] [WARNING] rotate not eligible for reset. Try splitting into individual properties @ http://localhost:3000/_next/static/chunks/d14e7_next_dist_51049c13._.js:2297
[  495826ms] [WARNING] rotate not eligible for reset. Try splitting into individual properties @ http://localhost:3000/_next/static/chunks/d14e7_next_dist_51049c13._.js:2297
[  495833ms] [WARNING] rotate not eligible for reset. Try splitting into individual properties @ http://localhost:3000/_next/static/chunks/d14e7_next_dist_51049c13._.js:2297
[  495833ms] [WARNING] rotate not eligible for reset. Try splitting into individual properties @ http://localhost:3000/_next/static/chunks/d14e7_next_dist_51049c13._.js:2297
[  495840ms] [WARNING] rotate not eligible for reset. Try splitting into individual properties @ http://localhost:3000/_next/static/chunks/d14e7_next_dist_51049c13._.js:2297
[  495840ms] [WARNING] rotate not eligible for reset. Try splitting into individual properties @ http://localhost:3000/_next/static/chunks/d14e7_next_dist_51049c13._.js:2297
[  495854ms] [WARNING] rotate not eligible for reset. Try splitting into individual properties @ http://localhost:3000/_next/static/chunks/d14e7_next_dist_51049c13._.js:2297
[  495854ms] [WARNING] rotate not eligible for reset. Try splitting into individual properties @ http://localhost:3000/_next/static/chunks/d14e7_next_dist_51049c13._.js:2297
[  495860ms] [WARNING] rotate not eligible for reset. Try splitting into individual properties @ http://localhost:3000/_next/static/chunks/d14e7_next_dist_51049c13._.js:2297
[  495860ms] [WARNING] rotate not eligible for reset. Try splitting into individual properties @ http://localhost:3000/_next/static/chunks/d14e7_next_dist_51049c13._.js:2297
[  495867ms] [WARNING] rotate not eligible for reset. Try splitting into individual properties @ http://localhost:3000/_next/static/chunks/d14e7_next_dist_51049c13._.js:2297
[  495867ms] [WARNING] rotate not eligible for reset. Try splitting into individual properties @ http://localhost:3000/_next/static/chunks/d14e7_next_dist_51049c13._.js:2297
[  495874ms] [WARNING] rotate not eligible for reset. Try splitting into individual properties @ http://localhost:3000/_next/static/chunks/d14e7_next_dist_51049c13._.js:2297
[  495874ms] [WARNING] rotate not eligible for reset. Try splitting into individual properties @ http://localhost:3000/_next/static/chunks/d14e7_next_dist_51049c13._.js:2297
[  495881ms] [WARNING] rotate not eligible for reset. Try splitting into individual properties @ http://localhost:3000/_next/static/chunks/d14e7_next_dist_51049c13._.js:2297
[  495882ms] [WARNING] rotate not eligible for reset. Try splitting into individual properties @ http://localhost:3000/_next/static/chunks/d14e7_next_dist_51049c13._.js:2297
[  495909ms] [WARNING] rotate not eligible for reset. Try splitting into individual properties @ http://localhost:3000/_next/static/chunks/d14e7_next_dist_51049c13._.js:2297
[  495910ms] [WARNING] rotate not eligible for reset. Try splitting into individual properties @ http://localhost:3000/_next/static/chunks/d14e7_next_dist_51049c13._.js:2297
[  496555ms] [WARNING] rotate not eligible for reset. Try splitting into individual properties @ http://localhost:3000/_next/static/chunks/d14e7_next_dist_51049c13._.js:2297
[  496555ms] [WARNING] rotate not eligible for reset. Try splitting into individual properties @ http://localhost:3000/_next/static/chunks/d14e7_next_dist_51049c13._.js:2297
[  496562ms] [WARNING] rotate not eligible for reset. Try splitting into individual properties @ http://localhost:3000/_next/static/chunks/d14e7_next_dist_51049c13._.js:2297
[  496562ms] [WARNING] rotate not eligible for reset. Try splitting into individual properties @ http://localhost:3000/_next/static/chunks/d14e7_next_dist_51049c13._.js:2297
[  496569ms] [WARNING] rotate not eligible for reset. Try splitting into individual properties @ http://localhost:3000/_next/static/chunks/d14e7_next_dist_51049c13._.js:2297
[  496569ms] [WARNING] rotate not eligible for reset. Try splitting into individual properties @ http://localhost:3000/_next/static/chunks/d14e7_next_dist_51049c13._.js:2297
[  496576ms] [WARNING] rotate not eligible for reset. Try splitting into individual properties @ http://localhost:3000/_next/static/chunks/d14e7_next_dist_51049c13._.js:2297
[  496576ms] [WARNING] rotate not eligible for reset. Try splitting into individual properties @ http://localhost:3000/_next/static/chunks/d14e7_next_dist_51049c13._.js:2297
[  496590ms] [WARNING] rotate not eligible for reset. Try splitting into individual properties @ http://localhost:3000/_next/static/chunks/d14e7_next_dist_51049c13._.js:2297
[  496590ms] [WARNING] rotate not eligible for reset. Try splitting into individual properties @ http://localhost:3000/_next/static/chunks/d14e7_next_dist_51049c13._.js:2297
[  496597ms] [WARNING] rotate not eligible for reset. Try splitting into individual properties @ http://localhost:3000/_next/static/chunks/d14e7_next_dist_51049c13._.js:2297
[  496597ms] [WARNING] rotate not eligible for reset. Try splitting into individual properties @ http://localhost:3000/_next/static/chunks/d14e7_next_dist_51049c13._.js:2297
[  496604ms] [WARNING] rotate not eligible for reset. Try splitting into individual properties @ http://localhost:3000/_next/static/chunks/d14e7_next_dist_51049c13._.js:2297
[  496604ms] [WARNING] rotate not eligible for reset. Try splitting into individual properties @ http://localhost:3000/_next/static/chunks/d14e7_next_dist_51049c13._.js:2297
[  496611ms] [WARNING] rotate not eligible for reset. Try splitting into individual properties @ http://localhost:3000/_next/static/chunks/d14e7_next_dist_51049c13._.js:2297
[  496611ms] [WARNING] rotate not eligible for reset. Try splitting into individual properties @ http://localhost:3000/_next/static/chunks/d14e7_next_dist_51049c13._.js:2297
[  496617ms] [WARNING] rotate not eligible for reset. Try splitting into individual properties @ http://localhost:3000/_next/static/chunks/d14e7_next_dist_51049c13._.js:2297
[  496617ms] [WARNING] rotate not eligible for reset. Try splitting into individual properties @ http://localhost:3000/_next/static/chunks/d14e7_next_dist_51049c13._.js:2297
[  496625ms] [WARNING] rotate not eligible for reset. Try splitting into individual properties @ http://localhost:3000/_next/static/chunks/d14e7_next_dist_51049c13._.js:2297
[  496625ms] [WARNING] rotate not eligible for reset. Try splitting into individual properties @ http://localhost:3000/_next/static/chunks/d14e7_next_dist_51049c13._.js:2297
[  496631ms] [WARNING] rotate not eligible for reset. Try splitting into individual properties @ http://localhost:3000/_next/static/chunks/d14e7_next_dist_51049c13._.js:2297
[  496631ms] [WARNING] rotate not eligible for reset. Try splitting into individual properties @ http://localhost:3000/_next/static/chunks/d14e7_next_dist_51049c13._.js:2297
[  496645ms] [WARNING] rotate not eligible for reset. Try splitting into individual properties @ http://localhost:3000/_next/static/chunks/d14e7_next_dist_51049c13._.js:2297
[  496645ms] [WARNING] rotate not eligible for reset. Try splitting into individual properties @ http://localhost:3000/_next/static/chunks/d14e7_next_dist_51049c13._.js:2297
[  496652ms] [WARNING] rotate not eligible for reset. Try splitting into individual properties @ http://localhost:3000/_next/static/chunks/d14e7_next_dist_51049c13._.js:2297
[  496652ms] [WARNING] rotate not eligible for reset. Try splitting into individual properties @ http://localhost:3000/_next/static/chunks/d14e7_next_dist_51049c13._.js:2297
[  496659ms] [WARNING] rotate not eligible for reset. Try splitting into individual properties @ http://localhost:3000/_next/static/chunks/d14e7_next_dist_51049c13._.js:2297
[  496659ms] [WARNING] rotate not eligible for reset. Try splitting into individual properties @ http://localhost:3000/_next/static/chunks/d14e7_next_dist_51049c13._.js:2297
[  496666ms] [WARNING] rotate not eligible for reset. Try splitting into individual properties @ http://localhost:3000/_next/static/chunks/d14e7_next_dist_51049c13._.js:2297
[  496666ms] [WARNING] rotate not eligible for reset. Try splitting into individual properties @ http://localhost:3000/_next/static/chunks/d14e7_next_dist_51049c13._.js:2297
[  496673ms] [WARNING] rotate not eligible for reset. Try splitting into individual properties @ http://localhost:3000/_next/static/chunks/d14e7_next_dist_51049c13._.js:2297
[  496673ms] [WARNING] rotate not eligible for reset. Try splitting into individual properties @ http://localhost:3000/_next/static/chunks/d14e7_next_dist_51049c13._.js:2297
[  496680ms] [WARNING] rotate not eligible for reset. Try splitting into individual properties @ http://localhost:3000/_next/static/chunks/d14e7_next_dist_51049c13._.js:2297
[  496680ms] [WARNING] rotate not eligible for reset. Try splitting into individual properties @ http://localhost:3000/_next/static/chunks/d14e7_next_dist_51049c13._.js:2297
[  496690ms] [WARNING] rotate not eligible for reset. Try splitting into individual properties @ http://localhost:3000/_next/static/chunks/d14e7_next_dist_51049c13._.js:2297
[  496690ms] [WARNING] rotate not eligible for reset. Try splitting into individual properties @ http://localhost:3000/_next/static/chunks/d14e7_next_dist_51049c13._.js:2297
[  496696ms] [WARNING] rotate not eligible for reset. Try splitting into individual properties @ http://localhost:3000/_next/static/chunks/d14e7_next_dist_51049c13._.js:2297
[  496697ms] [WARNING] rotate not eligible for reset. Try splitting into individual properties @ http://localhost:3000/_next/static/chunks/d14e7_next_dist_51049c13._.js:2297
[  496708ms] [WARNING] rotate not eligible for reset. Try splitting into individual properties @ http://localhost:3000/_next/static/chunks/d14e7_next_dist_51049c13._.js:2297
[  496708ms] [WARNING] rotate not eligible for reset. Try splitting into individual properties @ http://localhost:3000/_next/static/chunks/d14e7_next_dist_51049c13._.js:2297
[  496715ms] [WARNING] rotate not eligible for reset. Try splitting into individual properties @ http://localhost:3000/_next/static/chunks/d14e7_next_dist_51049c13._.js:2297
[  496715ms] [WARNING] rotate not eligible for reset. Try splitting into individual properties @ http://localhost:3000/_next/static/chunks/d14e7_next_dist_51049c13._.js:2297
[  496722ms] [WARNING] rotate not eligible for reset. Try splitting into individual properties @ http://localhost:3000/_next/static/chunks/d14e7_next_dist_51049c13._.js:2297
[  496722ms] [WARNING] rotate not eligible for reset. Try splitting into individual properties @ http://localhost:3000/_next/static/chunks/d14e7_next_dist_51049c13._.js:2297
[  496729ms] [WARNING] rotate not eligible for reset. Try splitting into individual properties @ http://localhost:3000/_next/static/chunks/d14e7_next_dist_51049c13._.js:2297
[  496729ms] [WARNING] rotate not eligible for reset. Try splitting into individual properties @ http://localhost:3000/_next/static/chunks/d14e7_next_dist_51049c13._.js:2297
[  496736ms] [WARNING] rotate not eligible for reset. Try splitting into individual properties @ http://localhost:3000/_next/static/chunks/d14e7_next_dist_51049c13._.js:2297
[  496736ms] [WARNING] rotate not eligible for reset. Try splitting into individual properties @ http://localhost:3000/_next/static/chunks/d14e7_next_dist_51049c13._.js:2297
[  496749ms] [WARNING] rotate not eligible for reset. Try splitting into individual properties @ http://localhost:3000/_next/static/chunks/d14e7_next_dist_51049c13._.js:2297
[  496749ms] [WARNING] rotate not eligible for reset. Try splitting into individual properties @ http://localhost:3000/_next/static/chunks/d14e7_next_dist_51049c13._.js:2297
[  496763ms] [WARNING] rotate not eligible for reset. Try splitting into individual properties @ http://localhost:3000/_next/static/chunks/d14e7_next_dist_51049c13._.js:2297
[  496763ms] [WARNING] rotate not eligible for reset. Try splitting into individual properties @ http://localhost:3000/_next/static/chunks/d14e7_next_dist_51049c13._.js:2297
[  497437ms] [WARNING] rotate not eligible for reset. Try splitting into individual properties @ http://localhost:3000/_next/static/chunks/d14e7_next_dist_51049c13._.js:2297
[  497438ms] [WARNING] rotate not eligible for reset. Try splitting into individual properties @ http://localhost:3000/_next/static/chunks/d14e7_next_dist_51049c13._.js:2297
[  497455ms] [WARNING] rotate not eligible for reset. Try splitting into individual properties @ http://localhost:3000/_next/static/chunks/d14e7_next_dist_51049c13._.js:2297
[  497455ms] [WARNING] rotate not eligible for reset. Try splitting into individual properties @ http://localhost:3000/_next/static/chunks/d14e7_next_dist_51049c13._.js:2297
[  497464ms] [WARNING] rotate not eligible for reset. Try splitting into individual properties @ http://localhost:3000/_next/static/chunks/d14e7_next_dist_51049c13._.js:2297
[  497464ms] [WARNING] rotate not eligible for reset. Try splitting into individual properties @ http://localhost:3000/_next/static/chunks/d14e7_next_dist_51049c13._.js:2297
[  497473ms] [WARNING] rotate not eligible for reset. Try splitting into individual properties @ http://localhost:3000/_next/static/chunks/d14e7_next_dist_51049c13._.js:2297
[  497474ms] [WARNING] rotate not eligible for reset. Try splitting into individual properties @ http://localhost:3000/_next/static/chunks/d14e7_next_dist_51049c13._.js:2297
[  497482ms] [WARNING] rotate not eligible for reset. Try splitting into individual properties @ http://localhost:3000/_next/static/chunks/d14e7_next_dist_51049c13._.js:2297
[  497483ms] [WARNING] rotate not eligible for reset. Try splitting into individual properties @ http://localhost:3000/_next/static/chunks/d14e7_next_dist_51049c13._.js:2297
[  497491ms] [WARNING] rotate not eligible for reset. Try splitting into individual properties @ http://localhost:3000/_next/static/chunks/d14e7_next_dist_51049c13._.js:2297
[  497491ms] [WARNING] rotate not eligible for reset. Try splitting into individual properties @ http://localhost:3000/_next/static/chunks/d14e7_next_dist_51049c13._.js:2297
[  497507ms] [WARNING] rotate not eligible for reset. Try splitting into individual properties @ http://localhost:3000/_next/static/chunks/d14e7_next_dist_51049c13._.js:2297
[  497508ms] [WARNING] rotate not eligible for reset. Try splitting into individual properties @ http://localhost:3000/_next/static/chunks/d14e7_next_dist_51049c13._.js:2297
[  497527ms] [WARNING] rotate not eligible for reset. Try splitting into individual properties @ http://localhost:3000/_next/static/chunks/d14e7_next_dist_51049c13._.js:2297
[  497528ms] [WARNING] rotate not eligible for reset. Try splitting into individual properties @ http://localhost:3000/_next/static/chunks/d14e7_next_dist_51049c13._.js:2297
[  497555ms] [WARNING] rotate not eligible for reset. Try splitting into individual properties @ http://localhost:3000/_next/static/chunks/d14e7_next_dist_51049c13._.js:2297
[  497555ms] [WARNING] rotate not eligible for reset. Try splitting into individual properties @ http://localhost:3000/_next/static/chunks/d14e7_next_dist_51049c13._.js:2297
[  497576ms] [WARNING] rotate not eligible for reset. Try splitting into individual properties @ http://localhost:3000/_next/static/chunks/d14e7_next_dist_51049c13._.js:2297
[  497576ms] [WARNING] rotate not eligible for reset. Try splitting into individual properties @ http://localhost:3000/_next/static/chunks/d14e7_next_dist_51049c13._.js:2297
[  497590ms] [WARNING] rotate not eligible for reset. Try splitting into individual properties @ http://localhost:3000/_next/static/chunks/d14e7_next_dist_51049c13._.js:2297
[  497590ms] [WARNING] rotate not eligible for reset. Try splitting into individual properties @ http://localhost:3000/_next/static/chunks/d14e7_next_dist_51049c13._.js:2297
[  497603ms] [WARNING] rotate not eligible for reset. Try splitting into individual properties @ http://localhost:3000/_next/static/chunks/d14e7_next_dist_51049c13._.js:2297
[  497603ms] [WARNING] rotate not eligible for reset. Try splitting into individual properties @ http://localhost:3000/_next/static/chunks/d14e7_next_dist_51049c13._.js:2297
[  497617ms] [WARNING] rotate not eligible for reset. Try splitting into individual properties @ http://localhost:3000/_next/static/chunks/d14e7_next_dist_51049c13._.js:2297
[  497617ms] [WARNING] rotate not eligible for reset. Try splitting into individual properties @ http://localhost:3000/_next/static/chunks/d14e7_next_dist_51049c13._.js:2297
[  497624ms] [WARNING] rotate not eligible for reset. Try splitting into individual properties @ http://localhost:3000/_next/static/chunks/d14e7_next_dist_51049c13._.js:2297
[  497624ms] [WARNING] rotate not eligible for reset. Try splitting into individual properties @ http://localhost:3000/_next/static/chunks/d14e7_next_dist_51049c13._.js:2297
[  497645ms] [WARNING] rotate not eligible for reset. Try splitting into individual properties @ http://localhost:3000/_next/static/chunks/d14e7_next_dist_51049c13._.js:2297
[  497646ms] [WARNING] rotate not eligible for reset. Try splitting into individual properties @ http://localhost:3000/_next/static/chunks/d14e7_next_dist_51049c13._.js:2297
[  497652ms] [WARNING] rotate not eligible for reset. Try splitting into individual properties @ http://localhost:3000/_next/static/chunks/d14e7_next_dist_51049c13._.js:2297
[  497652ms] [WARNING] rotate not eligible for reset. Try splitting into individual properties @ http://localhost:3000/_next/static/chunks/d14e7_next_dist_51049c13._.js:2297
[  497659ms] [WARNING] rotate not eligible for reset. Try splitting into individual properties @ http://localhost:3000/_next/static/chunks/d14e7_next_dist_51049c13._.js:2297
[  497659ms] [WARNING] rotate not eligible for reset. Try splitting into individual properties @ http://localhost:3000/_next/static/chunks/d14e7_next_dist_51049c13._.js:2297
[  497666ms] [WARNING] rotate not eligible for reset. Try splitting into individual properties @ http://localhost:3000/_next/static/chunks/d14e7_next_dist_51049c13._.js:2297
[  497666ms] [WARNING] rotate not eligible for reset. Try splitting into individual properties @ http://localhost:3000/_next/static/chunks/d14e7_next_dist_51049c13._.js:2297
[  497680ms] [WARNING] rotate not eligible for reset. Try splitting into individual properties @ http://localhost:3000/_next/static/chunks/d14e7_next_dist_51049c13._.js:2297
[  497680ms] [WARNING] rotate not eligible for reset. Try splitting into individual properties @ http://localhost:3000/_next/static/chunks/d14e7_next_dist_51049c13._.js:2297
[  497708ms] [WARNING] rotate not eligible for reset. Try splitting into individual properties @ http://localhost:3000/_next/static/chunks/d14e7_next_dist_51049c13._.js:2297
[  497708ms] [WARNING] rotate not eligible for reset. Try splitting into individual properties @ http://localhost:3000/_next/static/chunks/d14e7_next_dist_51049c13._.js:2297
[  497916ms] [WARNING] rotate not eligible for reset. Try splitting into individual properties @ http://localhost:3000/_next/static/chunks/d14e7_next_dist_51049c13._.js:2297
[  497916ms] [WARNING] rotate not eligible for reset. Try splitting into individual properties @ http://localhost:3000/_next/static/chunks/d14e7_next_dist_51049c13._.js:2297
[  497923ms] [WARNING] rotate not eligible for reset. Try splitting into individual properties @ http://localhost:3000/_next/static/chunks/d14e7_next_dist_51049c13._.js:2297
[  497923ms] [WARNING] rotate not eligible for reset. Try splitting into individual properties @ http://localhost:3000/_next/static/chunks/d14e7_next_dist_51049c13._.js:2297
[  498006ms] [WARNING] rotate not eligible for reset. Try splitting into individual properties @ http://localhost:3000/_next/static/chunks/d14e7_next_dist_51049c13._.js:2297
[  498007ms] [WARNING] rotate not eligible for reset. Try splitting into individual properties @ http://localhost:3000/_next/static/chunks/d14e7_next_dist_51049c13._.js:2297
[  498986ms] [WARNING] rotate not eligible for reset. Try splitting into individual properties @ http://localhost:3000/_next/static/chunks/d14e7_next_dist_51049c13._.js:2297
[  498987ms] [WARNING] rotate not eligible for reset. Try splitting into individual properties @ http://localhost:3000/_next/static/chunks/d14e7_next_dist_51049c13._.js:2297
[  498998ms] [WARNING] rotate not eligible for reset. Try splitting into individual properties @ http://localhost:3000/_next/static/chunks/d14e7_next_dist_51049c13._.js:2297
[  498998ms] [WARNING] rotate not eligible for reset. Try splitting into individual properties @ http://localhost:3000/_next/static/chunks/d14e7_next_dist_51049c13._.js:2297
[  499007ms] [WARNING] rotate not eligible for reset. Try splitting into individual properties @ http://localhost:3000/_next/static/chunks/d14e7_next_dist_51049c13._.js:2297
[  499007ms] [WARNING] rotate not eligible for reset. Try splitting into individual properties @ http://localhost:3000/_next/static/chunks/d14e7_next_dist_51049c13._.js:2297
[  499016ms] [WARNING] rotate not eligible for reset. Try splitting into individual properties @ http://localhost:3000/_next/static/chunks/d14e7_next_dist_51049c13._.js:2297
[  499016ms] [WARNING] rotate not eligible for reset. Try splitting into individual properties @ http://localhost:3000/_next/static/chunks/d14e7_next_dist_51049c13._.js:2297
[  499025ms] [WARNING] rotate not eligible for reset. Try splitting into individual properties @ http://localhost:3000/_next/static/chunks/d14e7_next_dist_51049c13._.js:2297
[  499025ms] [WARNING] rotate not eligible for reset. Try splitting into individual properties @ http://localhost:3000/_next/static/chunks/d14e7_next_dist_51049c13._.js:2297
[  499035ms] [WARNING] rotate not eligible for reset. Try splitting into individual properties @ http://localhost:3000/_next/static/chunks/d14e7_next_dist_51049c13._.js:2297
[  499035ms] [WARNING] rotate not eligible for reset. Try splitting into individual properties @ http://localhost:3000/_next/static/chunks/d14e7_next_dist_51049c13._.js:2297
[  499043ms] [WARNING] rotate not eligible for reset. Try splitting into individual properties @ http://localhost:3000/_next/static/chunks/d14e7_next_dist_51049c13._.js:2297
[  499044ms] [WARNING] rotate not eligible for reset. Try splitting into individual properties @ http://localhost:3000/_next/static/chunks/d14e7_next_dist_51049c13._.js:2297
[  499052ms] [WARNING] rotate not eligible for reset. Try splitting into individual properties @ http://localhost:3000/_next/static/chunks/d14e7_next_dist_51049c13._.js:2297
[  499052ms] [WARNING] rotate not eligible for reset. Try splitting into individual properties @ http://localhost:3000/_next/static/chunks/d14e7_next_dist_51049c13._.js:2297
[  499059ms] [WARNING] rotate not eligible for reset. Try splitting into individual properties @ http://localhost:3000/_next/static/chunks/d14e7_next_dist_51049c13._.js:2297
[  499059ms] [WARNING] rotate not eligible for reset. Try splitting into individual properties @ http://localhost:3000/_next/static/chunks/d14e7_next_dist_51049c13._.js:2297
[  499072ms] [WARNING] rotate not eligible for reset. Try splitting into individual properties @ http://localhost:3000/_next/static/chunks/d14e7_next_dist_51049c13._.js:2297
[  499072ms] [WARNING] rotate not eligible for reset. Try splitting into individual properties @ http://localhost:3000/_next/static/chunks/d14e7_next_dist_51049c13._.js:2297
[  499084ms] [WARNING] rotate not eligible for reset. Try splitting into individual properties @ http://localhost:3000/_next/static/chunks/d14e7_next_dist_51049c13._.js:2297
[  499084ms] [WARNING] rotate not eligible for reset. Try splitting into individual properties @ http://localhost:3000/_next/static/chunks/d14e7_next_dist_51049c13._.js:2297
[  499090ms] [WARNING] rotate not eligible for reset. Try splitting into individual properties @ http://localhost:3000/_next/static/chunks/d14e7_next_dist_51049c13._.js:2297
[  499090ms] [WARNING] rotate not eligible for reset. Try splitting into individual properties @ http://localhost:3000/_next/static/chunks/d14e7_next_dist_51049c13._.js:2297
[  499096ms] [WARNING] rotate not eligible for reset. Try splitting into individual properties @ http://localhost:3000/_next/static/chunks/d14e7_next_dist_51049c13._.js:2297
[  499097ms] [WARNING] rotate not eligible for reset. Try splitting into individual properties @ http://localhost:3000/_next/static/chunks/d14e7_next_dist_51049c13._.js:2297
[  499103ms] [WARNING] rotate not eligible for reset. Try splitting into individual properties @ http://localhost:3000/_next/static/chunks/d14e7_next_dist_51049c13._.js:2297
[  499104ms] [WARNING] rotate not eligible for reset. Try splitting into individual properties @ http://localhost:3000/_next/static/chunks/d14e7_next_dist_51049c13._.js:2297
[  499118ms] [WARNING] rotate not eligible for reset. Try splitting into individual properties @ http://localhost:3000/_next/static/chunks/d14e7_next_dist_51049c13._.js:2297
[  499118ms] [WARNING] rotate not eligible for reset. Try splitting into individual properties @ http://localhost:3000/_next/static/chunks/d14e7_next_dist_51049c13._.js:2297
[  499124ms] [WARNING] rotate not eligible for reset. Try splitting into individual properties @ http://localhost:3000/_next/static/chunks/d14e7_next_dist_51049c13._.js:2297
[  499125ms] [WARNING] rotate not eligible for reset. Try splitting into individual properties @ http://localhost:3000/_next/static/chunks/d14e7_next_dist_51049c13._.js:2297
[  499131ms] [WARNING] rotate not eligible for reset. Try splitting into individual properties @ http://localhost:3000/_next/static/chunks/d14e7_next_dist_51049c13._.js:2297
[  499132ms] [WARNING] rotate not eligible for reset. Try splitting into individual properties @ http://localhost:3000/_next/static/chunks/d14e7_next_dist_51049c13._.js:2297
[  499140ms] [WARNING] rotate not eligible for reset. Try splitting into individual properties @ http://localhost:3000/_next/static/chunks/d14e7_next_dist_51049c13._.js:2297
[  499140ms] [WARNING] rotate not eligible for reset. Try splitting into individual properties @ http://localhost:3000/_next/static/chunks/d14e7_next_dist_51049c13._.js:2297
[  499597ms] [WARNING] rotate not eligible for reset. Try splitting into individual properties @ http://localhost:3000/_next/static/chunks/d14e7_next_dist_51049c13._.js:2297
[  499597ms] [WARNING] rotate not eligible for reset. Try splitting into individual properties @ http://localhost:3000/_next/static/chunks/d14e7_next_dist_51049c13._.js:2297
[  499610ms] [WARNING] rotate not eligible for reset. Try splitting into individual properties @ http://localhost:3000/_next/static/chunks/d14e7_next_dist_51049c13._.js:2297
[  499611ms] [WARNING] rotate not eligible for reset. Try splitting into individual properties @ http://localhost:3000/_next/static/chunks/d14e7_next_dist_51049c13._.js:2297
[  499617ms] [WARNING] rotate not eligible for reset. Try splitting into individual properties @ http://localhost:3000/_next/static/chunks/d14e7_next_dist_51049c13._.js:2297
[  499618ms] [WARNING] rotate not eligible for reset. Try splitting into individual properties @ http://localhost:3000/_next/static/chunks/d14e7_next_dist_51049c13._.js:2297
[  499624ms] [WARNING] rotate not eligible for reset. Try splitting into individual properties @ http://localhost:3000/_next/static/chunks/d14e7_next_dist_51049c13._.js:2297
[  499625ms] [WARNING] rotate not eligible for reset. Try splitting into individual properties @ http://localhost:3000/_next/static/chunks/d14e7_next_dist_51049c13._.js:2297
[  499631ms] [WARNING] rotate not eligible for reset. Try splitting into individual properties @ http://localhost:3000/_next/static/chunks/d14e7_next_dist_51049c13._.js:2297
[  499631ms] [WARNING] rotate not eligible for reset. Try splitting into individual properties @ http://localhost:3000/_next/static/chunks/d14e7_next_dist_51049c13._.js:2297
[  499652ms] [WARNING] rotate not eligible for reset. Try splitting into individual properties @ http://localhost:3000/_next/static/chunks/d14e7_next_dist_51049c13._.js:2297
[  499652ms] [WARNING] rotate not eligible for reset. Try splitting into individual properties @ http://localhost:3000/_next/static/chunks/d14e7_next_dist_51049c13._.js:2297
[  499666ms] [WARNING] rotate not eligible for reset. Try splitting into individual properties @ http://localhost:3000/_next/static/chunks/d14e7_next_dist_51049c13._.js:2297
[  499666ms] [WARNING] rotate not eligible for reset. Try splitting into individual properties @ http://localhost:3000/_next/static/chunks/d14e7_next_dist_51049c13._.js:2297
[  499673ms] [WARNING] rotate not eligible for reset. Try splitting into individual properties @ http://localhost:3000/_next/static/chunks/d14e7_next_dist_51049c13._.js:2297
[  499673ms] [WARNING] rotate not eligible for reset. Try splitting into individual properties @ http://localhost:3000/_next/static/chunks/d14e7_next_dist_51049c13._.js:2297
[  499680ms] [WARNING] rotate not eligible for reset. Try splitting into individual properties @ http://localhost:3000/_next/static/chunks/d14e7_next_dist_51049c13._.js:2297
[  499680ms] [WARNING] rotate not eligible for reset. Try splitting into individual properties @ http://localhost:3000/_next/static/chunks/d14e7_next_dist_51049c13._.js:2297
[  499701ms] [WARNING] rotate not eligible for reset. Try splitting into individual properties @ http://localhost:3000/_next/static/chunks/d14e7_next_dist_51049c13._.js:2297
[  499701ms] [WARNING] rotate not eligible for reset. Try splitting into individual properties @ http://localhost:3000/_next/static/chunks/d14e7_next_dist_51049c13._.js:2297
[  499709ms] [WARNING] rotate not eligible for reset. Try splitting into individual properties @ http://localhost:3000/_next/static/chunks/d14e7_next_dist_51049c13._.js:2297
[  499710ms] [WARNING] rotate not eligible for reset. Try splitting into individual properties @ http://localhost:3000/_next/static/chunks/d14e7_next_dist_51049c13._.js:2297
[  503451ms] [WARNING] rotate not eligible for reset. Try splitting into individual properties @ http://localhost:3000/_next/static/chunks/d14e7_next_dist_51049c13._.js:2297
[  503451ms] [WARNING] rotate not eligible for reset. Try splitting into individual properties @ http://localhost:3000/_next/static/chunks/d14e7_next_dist_51049c13._.js:2297
[  503911ms] [LOG] [Fast Refresh] rebuilding @ http://localhost:3000/_next/static/chunks/d14e7_next_dist_51049c13._.js:2297
[  503999ms] [LOG] [Fast Refresh] done in 193ms @ http://localhost:3000/_next/static/chunks/d14e7_next_dist_51049c13._.js:2297
[  505515ms] [WARNING] rotate not eligible for reset. Try splitting into individual properties @ http://localhost:3000/_next/static/chunks/d14e7_next_dist_51049c13._.js:2297
[  505515ms] [WARNING] rotate not eligible for reset. Try splitting into individual properties @ http://localhost:3000/_next/static/chunks/d14e7_next_dist_51049c13._.js:2297
[  505586ms] [WARNING] rotate not eligible for reset. Try splitting into individual properties @ http://localhost:3000/_next/static/chunks/d14e7_next_dist_51049c13._.js:2297
[  505586ms] [WARNING] rotate not eligible for reset. Try splitting into individual properties @ http://localhost:3000/_next/static/chunks/d14e7_next_dist_51049c13._.js:2297
[  505622ms] [WARNING] rotate not eligible for reset. Try splitting into individual properties @ http://localhost:3000/_next/static/chunks/d14e7_next_dist_51049c13._.js:2297
[  505622ms] [WARNING] rotate not eligible for reset. Try splitting into individual properties @ http://localhost:3000/_next/static/chunks/d14e7_next_dist_51049c13._.js:2297
[  505645ms] [WARNING] rotate not eligible for reset. Try splitting into individual properties @ http://localhost:3000/_next/static/chunks/d14e7_next_dist_51049c13._.js:2297
[  505645ms] [WARNING] rotate not eligible for reset. Try splitting into individual properties @ http://localhost:3000/_next/static/chunks/d14e7_next_dist_51049c13._.js:2297
[  505931ms] [WARNING] rotate not eligible for reset. Try splitting into individual properties @ http://localhost:3000/_next/static/chunks/d14e7_next_dist_51049c13._.js:2297
[  505932ms] [WARNING] rotate not eligible for reset. Try splitting into individual properties @ http://localhost:3000/_next/static/chunks/d14e7_next_dist_51049c13._.js:2297
[  505938ms] [WARNING] rotate not eligible for reset. Try splitting into individual properties @ http://localhost:3000/_next/static/chunks/d14e7_next_dist_51049c13._.js:2297
[  505939ms] [WARNING] rotate not eligible for reset. Try splitting into individual properties @ http://localhost:3000/_next/static/chunks/d14e7_next_dist_51049c13._.js:2297
[  505944ms] [WARNING] rotate not eligible for reset. Try splitting into individual properties @ http://localhost:3000/_next/static/chunks/d14e7_next_dist_51049c13._.js:2297
[  505944ms] [WARNING] rotate not eligible for reset. Try splitting into individual properties @ http://localhost:3000/_next/static/chunks/d14e7_next_dist_51049c13._.js:2297
[  505958ms] [WARNING] rotate not eligible for reset. Try splitting into individual properties @ http://localhost:3000/_next/static/chunks/d14e7_next_dist_51049c13._.js:2297
[  505958ms] [WARNING] rotate not eligible for reset. Try splitting into individual properties @ http://localhost:3000/_next/static/chunks/d14e7_next_dist_51049c13._.js:2297
[  505965ms] [WARNING] rotate not eligible for reset. Try splitting into individual properties @ http://localhost:3000/_next/static/chunks/d14e7_next_dist_51049c13._.js:2297
[  505965ms] [WARNING] rotate not eligible for reset. Try splitting into individual properties @ http://localhost:3000/_next/static/chunks/d14e7_next_dist_51049c13._.js:2297
[  505972ms] [WARNING] rotate not eligible for reset. Try splitting into individual properties @ http://localhost:3000/_next/static/chunks/d14e7_next_dist_51049c13._.js:2297
[  505972ms] [WARNING] rotate not eligible for reset. Try splitting into individual properties @ http://localhost:3000/_next/static/chunks/d14e7_next_dist_51049c13._.js:2297
[  505979ms] [WARNING] rotate not eligible for reset. Try splitting into individual properties @ http://localhost:3000/_next/static/chunks/d14e7_next_dist_51049c13._.js:2297
[  505979ms] [WARNING] rotate not eligible for reset. Try splitting into individual properties @ http://localhost:3000/_next/static/chunks/d14e7_next_dist_51049c13._.js:2297
[  505986ms] [WARNING] rotate not eligible for reset. Try splitting into individual properties @ http://localhost:3000/_next/static/chunks/d14e7_next_dist_51049c13._.js:2297
[  505986ms] [WARNING] rotate not eligible for reset. Try splitting into individual properties @ http://localhost:3000/_next/static/chunks/d14e7_next_dist_51049c13._.js:2297
[  505993ms] [WARNING] rotate not eligible for reset. Try splitting into individual properties @ http://localhost:3000/_next/static/chunks/d14e7_next_dist_51049c13._.js:2297
[  505993ms] [WARNING] rotate not eligible for reset. Try splitting into individual properties @ http://localhost:3000/_next/static/chunks/d14e7_next_dist_51049c13._.js:2297
[  505999ms] [WARNING] rotate not eligible for reset. Try splitting into individual properties @ http://localhost:3000/_next/static/chunks/d14e7_next_dist_51049c13._.js:2297
[  506000ms] [WARNING] rotate not eligible for reset. Try splitting into individual properties @ http://localhost:3000/_next/static/chunks/d14e7_next_dist_51049c13._.js:2297
[  506013ms] [WARNING] rotate not eligible for reset. Try splitting into individual properties @ http://localhost:3000/_next/static/chunks/d14e7_next_dist_51049c13._.js:2297
[  506013ms] [WARNING] rotate not eligible for reset. Try splitting into individual properties @ http://localhost:3000/_next/static/chunks/d14e7_next_dist_51049c13._.js:2297
[  506021ms] [WARNING] rotate not eligible for reset. Try splitting into individual properties @ http://localhost:3000/_next/static/chunks/d14e7_next_dist_51049c13._.js:2297
[  506021ms] [WARNING] rotate not eligible for reset. Try splitting into individual properties @ http://localhost:3000/_next/static/chunks/d14e7_next_dist_51049c13._.js:2297
[  506027ms] [WARNING] rotate not eligible for reset. Try splitting into individual properties @ http://localhost:3000/_next/static/chunks/d14e7_next_dist_51049c13._.js:2297
[  506027ms] [WARNING] rotate not eligible for reset. Try splitting into individual properties @ http://localhost:3000/_next/static/chunks/d14e7_next_dist_51049c13._.js:2297
[  506034ms] [WARNING] rotate not eligible for reset. Try splitting into individual properties @ http://localhost:3000/_next/static/chunks/d14e7_next_dist_51049c13._.js:2297
[  506035ms] [WARNING] rotate not eligible for reset. Try splitting into individual properties @ http://localhost:3000/_next/static/chunks/d14e7_next_dist_51049c13._.js:2297
[  507499ms] [WARNING] rotate not eligible for reset. Try splitting into individual properties @ http://localhost:3000/_next/static/chunks/d14e7_next_dist_51049c13._.js:2297
[  507499ms] [WARNING] rotate not eligible for reset. Try splitting into individual properties @ http://localhost:3000/_next/static/chunks/d14e7_next_dist_51049c13._.js:2297
[  507506ms] [WARNING] rotate not eligible for reset. Try splitting into individual properties @ http://localhost:3000/_next/static/chunks/d14e7_next_dist_51049c13._.js:2297
[  507506ms] [WARNING] rotate not eligible for reset. Try splitting into individual properties @ http://localhost:3000/_next/static/chunks/d14e7_next_dist_51049c13._.js:2297
[  507513ms] [WARNING] rotate not eligible for reset. Try splitting into individual properties @ http://localhost:3000/_next/static/chunks/d14e7_next_dist_51049c13._.js:2297
[  507514ms] [WARNING] rotate not eligible for reset. Try splitting into individual properties @ http://localhost:3000/_next/static/chunks/d14e7_next_dist_51049c13._.js:2297
[  507520ms] [WARNING] rotate not eligible for reset. Try splitting into individual properties @ http://localhost:3000/_next/static/chunks/d14e7_next_dist_51049c13._.js:2297
[  507520ms] [WARNING] rotate not eligible for reset. Try splitting into individual properties @ http://localhost:3000/_next/static/chunks/d14e7_next_dist_51049c13._.js:2297
[  507534ms] [WARNING] rotate not eligible for reset. Try splitting into individual properties @ http://localhost:3000/_next/static/chunks/d14e7_next_dist_51049c13._.js:2297
[  507534ms] [WARNING] rotate not eligible for reset. Try splitting into individual properties @ http://localhost:3000/_next/static/chunks/d14e7_next_dist_51049c13._.js:2297
[  507542ms] [WARNING] rotate not eligible for reset. Try splitting into individual properties @ http://localhost:3000/_next/static/chunks/d14e7_next_dist_51049c13._.js:2297
[  507542ms] [WARNING] rotate not eligible for reset. Try splitting into individual properties @ http://localhost:3000/_next/static/chunks/d14e7_next_dist_51049c13._.js:2297
[  507548ms] [WARNING] rotate not eligible for reset. Try splitting into individual properties @ http://localhost:3000/_next/static/chunks/d14e7_next_dist_51049c13._.js:2297
[  507548ms] [WARNING] rotate not eligible for reset. Try splitting into individual properties @ http://localhost:3000/_next/static/chunks/d14e7_next_dist_51049c13._.js:2297
[  507555ms] [WARNING] rotate not eligible for reset. Try splitting into individual properties @ http://localhost:3000/_next/static/chunks/d14e7_next_dist_51049c13._.js:2297
[  507555ms] [WARNING] rotate not eligible for reset. Try splitting into individual properties @ http://localhost:3000/_next/static/chunks/d14e7_next_dist_51049c13._.js:2297
[  507562ms] [WARNING] rotate not eligible for reset. Try splitting into individual properties @ http://localhost:3000/_next/static/chunks/d14e7_next_dist_51049c13._.js:2297
[  507562ms] [WARNING] rotate not eligible for reset. Try splitting into individual properties @ http://localhost:3000/_next/static/chunks/d14e7_next_dist_51049c13._.js:2297
[  507569ms] [WARNING] rotate not eligible for reset. Try splitting into individual properties @ http://localhost:3000/_next/static/chunks/d14e7_next_dist_51049c13._.js:2297
[  507569ms] [WARNING] rotate not eligible for reset. Try splitting into individual properties @ http://localhost:3000/_next/static/chunks/d14e7_next_dist_51049c13._.js:2297
[  507576ms] [WARNING] rotate not eligible for reset. Try splitting into individual properties @ http://localhost:3000/_next/static/chunks/d14e7_next_dist_51049c13._.js:2297
[  507576ms] [WARNING] rotate not eligible for reset. Try splitting into individual properties @ http://localhost:3000/_next/static/chunks/d14e7_next_dist_51049c13._.js:2297
[  507590ms] [WARNING] rotate not eligible for reset. Try splitting into individual properties @ http://localhost:3000/_next/static/chunks/d14e7_next_dist_51049c13._.js:2297
[  507590ms] [WARNING] rotate not eligible for reset. Try splitting into individual properties @ http://localhost:3000/_next/static/chunks/d14e7_next_dist_51049c13._.js:2297
[  507596ms] [WARNING] rotate not eligible for reset. Try splitting into individual properties @ http://localhost:3000/_next/static/chunks/d14e7_next_dist_51049c13._.js:2297
[  507597ms] [WARNING] rotate not eligible for reset. Try splitting into individual properties @ http://localhost:3000/_next/static/chunks/d14e7_next_dist_51049c13._.js:2297
[  507604ms] [WARNING] rotate not eligible for reset. Try splitting into individual properties @ http://localhost:3000/_next/static/chunks/d14e7_next_dist_51049c13._.js:2297
[  507604ms] [WARNING] rotate not eligible for reset. Try splitting into individual properties @ http://localhost:3000/_next/static/chunks/d14e7_next_dist_51049c13._.js:2297
[  507611ms] [WARNING] rotate not eligible for reset. Try splitting into individual properties @ http://localhost:3000/_next/static/chunks/d14e7_next_dist_51049c13._.js:2297
[  507611ms] [WARNING] rotate not eligible for reset. Try splitting into individual properties @ http://localhost:3000/_next/static/chunks/d14e7_next_dist_51049c13._.js:2297
[  507617ms] [WARNING] rotate not eligible for reset. Try splitting into individual properties @ http://localhost:3000/_next/static/chunks/d14e7_next_dist_51049c13._.js:2297
[  507618ms] [WARNING] rotate not eligible for reset. Try splitting into individual properties @ http://localhost:3000/_next/static/chunks/d14e7_next_dist_51049c13._.js:2297
[  507625ms] [WARNING] rotate not eligible for reset. Try splitting into individual properties @ http://localhost:3000/_next/static/chunks/d14e7_next_dist_51049c13._.js:2297
[  507625ms] [WARNING] rotate not eligible for reset. Try splitting into individual properties @ http://localhost:3000/_next/static/chunks/d14e7_next_dist_51049c13._.js:2297
[  507633ms] [WARNING] rotate not eligible for reset. Try splitting into individual properties @ http://localhost:3000/_next/static/chunks/d14e7_next_dist_51049c13._.js:2297
[  507633ms] [WARNING] rotate not eligible for reset. Try splitting into individual properties @ http://localhost:3000/_next/static/chunks/d14e7_next_dist_51049c13._.js:2297
[  507645ms] [WARNING] rotate not eligible for reset. Try splitting into individual properties @ http://localhost:3000/_next/static/chunks/d14e7_next_dist_51049c13._.js:2297
[  507646ms] [WARNING] rotate not eligible for reset. Try splitting into individual properties @ http://localhost:3000/_next/static/chunks/d14e7_next_dist_51049c13._.js:2297
[  507652ms] [WARNING] rotate not eligible for reset. Try splitting into individual properties @ http://localhost:3000/_next/static/chunks/d14e7_next_dist_51049c13._.js:2297
[  507652ms] [WARNING] rotate not eligible for reset. Try splitting into individual properties @ http://localhost:3000/_next/static/chunks/d14e7_next_dist_51049c13._.js:2297
[  507659ms] [WARNING] rotate not eligible for reset. Try splitting into individual properties @ http://localhost:3000/_next/static/chunks/d14e7_next_dist_51049c13._.js:2297
[  507659ms] [WARNING] rotate not eligible for reset. Try splitting into individual properties @ http://localhost:3000/_next/static/chunks/d14e7_next_dist_51049c13._.js:2297
[  507666ms] [WARNING] rotate not eligible for reset. Try splitting into individual properties @ http://localhost:3000/_next/static/chunks/d14e7_next_dist_51049c13._.js:2297
[  507666ms] [WARNING] rotate not eligible for reset. Try splitting into individual properties @ http://localhost:3000/_next/static/chunks/d14e7_next_dist_51049c13._.js:2297
[  507673ms] [WARNING] rotate not eligible for reset. Try splitting into individual properties @ http://localhost:3000/_next/static/chunks/d14e7_next_dist_51049c13._.js:2297
[  507673ms] [WARNING] rotate not eligible for reset. Try splitting into individual properties @ http://localhost:3000/_next/static/chunks/d14e7_next_dist_51049c13._.js:2297
[  507680ms] [WARNING] rotate not eligible for reset. Try splitting into individual properties @ http://localhost:3000/_next/static/chunks/d14e7_next_dist_51049c13._.js:2297
[  507681ms] [WARNING] rotate not eligible for reset. Try splitting into individual properties @ http://localhost:3000/_next/static/chunks/d14e7_next_dist_51049c13._.js:2297
[  507694ms] [WARNING] rotate not eligible for reset. Try splitting into individual properties @ http://localhost:3000/_next/static/chunks/d14e7_next_dist_51049c13._.js:2297
[  507694ms] [WARNING] rotate not eligible for reset. Try splitting into individual properties @ http://localhost:3000/_next/static/chunks/d14e7_next_dist_51049c13._.js:2297
[  507701ms] [WARNING] rotate not eligible for reset. Try splitting into individual properties @ http://localhost:3000/_next/static/chunks/d14e7_next_dist_51049c13._.js:2297
[  507701ms] [WARNING] rotate not eligible for reset. Try splitting into individual properties @ http://localhost:3000/_next/static/chunks/d14e7_next_dist_51049c13._.js:2297
[  507710ms] [WARNING] rotate not eligible for reset. Try splitting into individual properties @ http://localhost:3000/_next/static/chunks/d14e7_next_dist_51049c13._.js:2297
[  507710ms] [WARNING] rotate not eligible for reset. Try splitting into individual properties @ http://localhost:3000/_next/static/chunks/d14e7_next_dist_51049c13._.js:2297
[  507715ms] [WARNING] rotate not eligible for reset. Try splitting into individual properties @ http://localhost:3000/_next/static/chunks/d14e7_next_dist_51049c13._.js:2297
[  507715ms] [WARNING] rotate not eligible for reset. Try splitting into individual properties @ http://localhost:3000/_next/static/chunks/d14e7_next_dist_51049c13._.js:2297
[  507722ms] [WARNING] rotate not eligible for reset. Try splitting into individual properties @ http://localhost:3000/_next/static/chunks/d14e7_next_dist_51049c13._.js:2297
[  507722ms] [WARNING] rotate not eligible for reset. Try splitting into individual properties @ http://localhost:3000/_next/static/chunks/d14e7_next_dist_51049c13._.js:2297
[  507728ms] [WARNING] rotate not eligible for reset. Try splitting into individual properties @ http://localhost:3000/_next/static/chunks/d14e7_next_dist_51049c13._.js:2297
[  507729ms] [WARNING] rotate not eligible for reset. Try splitting into individual properties @ http://localhost:3000/_next/static/chunks/d14e7_next_dist_51049c13._.js:2297
[  507749ms] [WARNING] rotate not eligible for reset. Try splitting into individual properties @ http://localhost:3000/_next/static/chunks/d14e7_next_dist_51049c13._.js:2297
[  507750ms] [WARNING] rotate not eligible for reset. Try splitting into individual properties @ http://localhost:3000/_next/static/chunks/d14e7_next_dist_51049c13._.js:2297
[  507930ms] [WARNING] rotate not eligible for reset. Try splitting into individual properties @ http://localhost:3000/_next/static/chunks/d14e7_next_dist_51049c13._.js:2297
[  507930ms] [WARNING] rotate not eligible for reset. Try splitting into individual properties @ http://localhost:3000/_next/static/chunks/d14e7_next_dist_51049c13._.js:2297
[  507958ms] [WARNING] rotate not eligible for reset. Try splitting into individual properties @ http://localhost:3000/_next/static/chunks/d14e7_next_dist_51049c13._.js:2297
[  507958ms] [WARNING] rotate not eligible for reset. Try splitting into individual properties @ http://localhost:3000/_next/static/chunks/d14e7_next_dist_51049c13._.js:2297
[  507966ms] [WARNING] rotate not eligible for reset. Try splitting into individual properties @ http://localhost:3000/_next/static/chunks/d14e7_next_dist_51049c13._.js:2297
[  507966ms] [WARNING] rotate not eligible for reset. Try splitting into individual properties @ http://localhost:3000/_next/static/chunks/d14e7_next_dist_51049c13._.js:2297
[  507972ms] [WARNING] rotate not eligible for reset. Try splitting into individual properties @ http://localhost:3000/_next/static/chunks/d14e7_next_dist_51049c13._.js:2297
[  507972ms] [WARNING] rotate not eligible for reset. Try splitting into individual properties @ http://localhost:3000/_next/static/chunks/d14e7_next_dist_51049c13._.js:2297
[  507986ms] [WARNING] rotate not eligible for reset. Try splitting into individual properties @ http://localhost:3000/_next/static/chunks/d14e7_next_dist_51049c13._.js:2297
[  507986ms] [WARNING] rotate not eligible for reset. Try splitting into individual properties @ http://localhost:3000/_next/static/chunks/d14e7_next_dist_51049c13._.js:2297
[  508124ms] [WARNING] rotate not eligible for reset. Try splitting into individual properties @ http://localhost:3000/_next/static/chunks/d14e7_next_dist_51049c13._.js:2297
[  508125ms] [WARNING] rotate not eligible for reset. Try splitting into individual properties @ http://localhost:3000/_next/static/chunks/d14e7_next_dist_51049c13._.js:2297
[  508145ms] [WARNING] rotate not eligible for reset. Try splitting into individual properties @ http://localhost:3000/_next/static/chunks/d14e7_next_dist_51049c13._.js:2297
[  508145ms] [WARNING] rotate not eligible for reset. Try splitting into individual properties @ http://localhost:3000/_next/static/chunks/d14e7_next_dist_51049c13._.js:2297
[  508166ms] [WARNING] rotate not eligible for reset. Try splitting into individual properties @ http://localhost:3000/_next/static/chunks/d14e7_next_dist_51049c13._.js:2297
[  508166ms] [WARNING] rotate not eligible for reset. Try splitting into individual properties @ http://localhost:3000/_next/static/chunks/d14e7_next_dist_51049c13._.js:2297
[  508173ms] [WARNING] rotate not eligible for reset. Try splitting into individual properties @ http://localhost:3000/_next/static/chunks/d14e7_next_dist_51049c13._.js:2297
[  508173ms] [WARNING] rotate not eligible for reset. Try splitting into individual properties @ http://localhost:3000/_next/static/chunks/d14e7_next_dist_51049c13._.js:2297
[  508180ms] [WARNING] rotate not eligible for reset. Try splitting into individual properties @ http://localhost:3000/_next/static/chunks/d14e7_next_dist_51049c13._.js:2297
[  508180ms] [WARNING] rotate not eligible for reset. Try splitting into individual properties @ http://localhost:3000/_next/static/chunks/d14e7_next_dist_51049c13._.js:2297
[  508187ms] [WARNING] rotate not eligible for reset. Try splitting into individual properties @ http://localhost:3000/_next/static/chunks/d14e7_next_dist_51049c13._.js:2297
[  508187ms] [WARNING] rotate not eligible for reset. Try splitting into individual properties @ http://localhost:3000/_next/static/chunks/d14e7_next_dist_51049c13._.js:2297
[  508194ms] [WARNING] rotate not eligible for reset. Try splitting into individual properties @ http://localhost:3000/_next/static/chunks/d14e7_next_dist_51049c13._.js:2297
[  508194ms] [WARNING] rotate not eligible for reset. Try splitting into individual properties @ http://localhost:3000/_next/static/chunks/d14e7_next_dist_51049c13._.js:2297
[  508250ms] [WARNING] rotate not eligible for reset. Try splitting into individual properties @ http://localhost:3000/_next/static/chunks/d14e7_next_dist_51049c13._.js:2297
[  508250ms] [WARNING] rotate not eligible for reset. Try splitting into individual properties @ http://localhost:3000/_next/static/chunks/d14e7_next_dist_51049c13._.js:2297
[  508256ms] [WARNING] rotate not eligible for reset. Try splitting into individual properties @ http://localhost:3000/_next/static/chunks/d14e7_next_dist_51049c13._.js:2297
[  508256ms] [WARNING] rotate not eligible for reset. Try splitting into individual properties @ http://localhost:3000/_next/static/chunks/d14e7_next_dist_51049c13._.js:2297
[  508485ms] [WARNING] rotate not eligible for reset. Try splitting into individual properties @ http://localhost:3000/_next/static/chunks/d14e7_next_dist_51049c13._.js:2297
[  508486ms] [WARNING] rotate not eligible for reset. Try splitting into individual properties @ http://localhost:3000/_next/static/chunks/d14e7_next_dist_51049c13._.js:2297
[  508494ms] [WARNING] rotate not eligible for reset. Try splitting into individual properties @ http://localhost:3000/_next/static/chunks/d14e7_next_dist_51049c13._.js:2297
[  508494ms] [WARNING] rotate not eligible for reset. Try splitting into individual properties @ http://localhost:3000/_next/static/chunks/d14e7_next_dist_51049c13._.js:2297
[  508501ms] [WARNING] rotate not eligible for reset. Try splitting into individual properties @ http://localhost:3000/_next/static/chunks/d14e7_next_dist_51049c13._.js:2297
[  508501ms] [WARNING] rotate not eligible for reset. Try splitting into individual properties @ http://localhost:3000/_next/static/chunks/d14e7_next_dist_51049c13._.js:2297
[  508507ms] [WARNING] rotate not eligible for reset. Try splitting into individual properties @ http://localhost:3000/_next/static/chunks/d14e7_next_dist_51049c13._.js:2297
[  508507ms] [WARNING] rotate not eligible for reset. Try splitting into individual properties @ http://localhost:3000/_next/static/chunks/d14e7_next_dist_51049c13._.js:2297
[  508513ms] [WARNING] rotate not eligible for reset. Try splitting into individual properties @ http://localhost:3000/_next/static/chunks/d14e7_next_dist_51049c13._.js:2297
[  508513ms] [WARNING] rotate not eligible for reset. Try splitting into individual properties @ http://localhost:3000/_next/static/chunks/d14e7_next_dist_51049c13._.js:2297
[  508520ms] [WARNING] rotate not eligible for reset. Try splitting into individual properties @ http://localhost:3000/_next/static/chunks/d14e7_next_dist_51049c13._.js:2297
[  508520ms] [WARNING] rotate not eligible for reset. Try splitting into individual properties @ http://localhost:3000/_next/static/chunks/d14e7_next_dist_51049c13._.js:2297
[  508534ms] [WARNING] rotate not eligible for reset. Try splitting into individual properties @ http://localhost:3000/_next/static/chunks/d14e7_next_dist_51049c13._.js:2297
[  508534ms] [WARNING] rotate not eligible for reset. Try splitting into individual properties @ http://localhost:3000/_next/static/chunks/d14e7_next_dist_51049c13._.js:2297
[  508541ms] [WARNING] rotate not eligible for reset. Try splitting into individual properties @ http://localhost:3000/_next/static/chunks/d14e7_next_dist_51049c13._.js:2297
[  508541ms] [WARNING] rotate not eligible for reset. Try splitting into individual properties @ http://localhost:3000/_next/static/chunks/d14e7_next_dist_51049c13._.js:2297
[  508551ms] [WARNING] rotate not eligible for reset. Try splitting into individual properties @ http://localhost:3000/_next/static/chunks/d14e7_next_dist_51049c13._.js:2297
[  508551ms] [WARNING] rotate not eligible for reset. Try splitting into individual properties @ http://localhost:3000/_next/static/chunks/d14e7_next_dist_51049c13._.js:2297
[  508590ms] [WARNING] rotate not eligible for reset. Try splitting into individual properties @ http://localhost:3000/_next/static/chunks/d14e7_next_dist_51049c13._.js:2297
[  508590ms] [WARNING] rotate not eligible for reset. Try splitting into individual properties @ http://localhost:3000/_next/static/chunks/d14e7_next_dist_51049c13._.js:2297
[  508597ms] [WARNING] rotate not eligible for reset. Try splitting into individual properties @ http://localhost:3000/_next/static/chunks/d14e7_next_dist_51049c13._.js:2297
[  508597ms] [WARNING] rotate not eligible for reset. Try splitting into individual properties @ http://localhost:3000/_next/static/chunks/d14e7_next_dist_51049c13._.js:2297
[  508735ms] [WARNING] rotate not eligible for reset. Try splitting into individual properties @ http://localhost:3000/_next/static/chunks/d14e7_next_dist_51049c13._.js:2297
[  508736ms] [WARNING] rotate not eligible for reset. Try splitting into individual properties @ http://localhost:3000/_next/static/chunks/d14e7_next_dist_51049c13._.js:2297
[  508752ms] [WARNING] rotate not eligible for reset. Try splitting into individual properties @ http://localhost:3000/_next/static/chunks/d14e7_next_dist_51049c13._.js:2297
[  508753ms] [WARNING] rotate not eligible for reset. Try splitting into individual properties @ http://localhost:3000/_next/static/chunks/d14e7_next_dist_51049c13._.js:2297
[  508765ms] [WARNING] rotate not eligible for reset. Try splitting into individual properties @ http://localhost:3000/_next/static/chunks/d14e7_next_dist_51049c13._.js:2297
[  508765ms] [WARNING] rotate not eligible for reset. Try splitting into individual properties @ http://localhost:3000/_next/static/chunks/d14e7_next_dist_51049c13._.js:2297
[  508777ms] [WARNING] rotate not eligible for reset. Try splitting into individual properties @ http://localhost:3000/_next/static/chunks/d14e7_next_dist_51049c13._.js:2297
[  508777ms] [WARNING] rotate not eligible for reset. Try splitting into individual properties @ http://localhost:3000/_next/static/chunks/d14e7_next_dist_51049c13._.js:2297
[  508785ms] [WARNING] rotate not eligible for reset. Try splitting into individual properties @ http://localhost:3000/_next/static/chunks/d14e7_next_dist_51049c13._.js:2297
[  508785ms] [WARNING] rotate not eligible for reset. Try splitting into individual properties @ http://localhost:3000/_next/static/chunks/d14e7_next_dist_51049c13._.js:2297
[  508791ms] [WARNING] rotate not eligible for reset. Try splitting into individual properties @ http://localhost:3000/_next/static/chunks/d14e7_next_dist_51049c13._.js:2297
[  508792ms] [WARNING] rotate not eligible for reset. Try splitting into individual properties @ http://localhost:3000/_next/static/chunks/d14e7_next_dist_51049c13._.js:2297
[  508805ms] [WARNING] rotate not eligible for reset. Try splitting into individual properties @ http://localhost:3000/_next/static/chunks/d14e7_next_dist_51049c13._.js:2297
[  508805ms] [WARNING] rotate not eligible for reset. Try splitting into individual properties @ http://localhost:3000/_next/static/chunks/d14e7_next_dist_51049c13._.js:2297
[  508814ms] [WARNING] rotate not eligible for reset. Try splitting into individual properties @ http://localhost:3000/_next/static/chunks/d14e7_next_dist_51049c13._.js:2297
[  508814ms] [WARNING] rotate not eligible for reset. Try splitting into individual properties @ http://localhost:3000/_next/static/chunks/d14e7_next_dist_51049c13._.js:2297
[  508992ms] [WARNING] rotate not eligible for reset. Try splitting into individual properties @ http://localhost:3000/_next/static/chunks/d14e7_next_dist_51049c13._.js:2297
[  508993ms] [WARNING] rotate not eligible for reset. Try splitting into individual properties @ http://localhost:3000/_next/static/chunks/d14e7_next_dist_51049c13._.js:2297
[  508999ms] [WARNING] rotate not eligible for reset. Try splitting into individual properties @ http://localhost:3000/_next/static/chunks/d14e7_next_dist_51049c13._.js:2297
[  508999ms] [WARNING] rotate not eligible for reset. Try splitting into individual properties @ http://localhost:3000/_next/static/chunks/d14e7_next_dist_51049c13._.js:2297
[  509013ms] [WARNING] rotate not eligible for reset. Try splitting into individual properties @ http://localhost:3000/_next/static/chunks/d14e7_next_dist_51049c13._.js:2297
[  509013ms] [WARNING] rotate not eligible for reset. Try splitting into individual properties @ http://localhost:3000/_next/static/chunks/d14e7_next_dist_51049c13._.js:2297
[  509020ms] [WARNING] rotate not eligible for reset. Try splitting into individual properties @ http://localhost:3000/_next/static/chunks/d14e7_next_dist_51049c13._.js:2297
[  509020ms] [WARNING] rotate not eligible for reset. Try splitting into individual properties @ http://localhost:3000/_next/static/chunks/d14e7_next_dist_51049c13._.js:2297
[  509028ms] [WARNING] rotate not eligible for reset. Try splitting into individual properties @ http://localhost:3000/_next/static/chunks/d14e7_next_dist_51049c13._.js:2297
[  509028ms] [WARNING] rotate not eligible for reset. Try splitting into individual properties @ http://localhost:3000/_next/static/chunks/d14e7_next_dist_51049c13._.js:2297
[  509034ms] [WARNING] rotate not eligible for reset. Try splitting into individual properties @ http://localhost:3000/_next/static/chunks/d14e7_next_dist_51049c13._.js:2297
[  509034ms] [WARNING] rotate not eligible for reset. Try splitting into individual properties @ http://localhost:3000/_next/static/chunks/d14e7_next_dist_51049c13._.js:2297
[  509041ms] [WARNING] rotate not eligible for reset. Try splitting into individual properties @ http://localhost:3000/_next/static/chunks/d14e7_next_dist_51049c13._.js:2297
[  509041ms] [WARNING] rotate not eligible for reset. Try splitting into individual properties @ http://localhost:3000/_next/static/chunks/d14e7_next_dist_51049c13._.js:2297
[  509048ms] [WARNING] rotate not eligible for reset. Try splitting into individual properties @ http://localhost:3000/_next/static/chunks/d14e7_next_dist_51049c13._.js:2297
[  509048ms] [WARNING] rotate not eligible for reset. Try splitting into individual properties @ http://localhost:3000/_next/static/chunks/d14e7_next_dist_51049c13._.js:2297
[  509062ms] [WARNING] rotate not eligible for reset. Try splitting into individual properties @ http://localhost:3000/_next/static/chunks/d14e7_next_dist_51049c13._.js:2297
[  509062ms] [WARNING] rotate not eligible for reset. Try splitting into individual properties @ http://localhost:3000/_next/static/chunks/d14e7_next_dist_51049c13._.js:2297
[  509070ms] [WARNING] rotate not eligible for reset. Try splitting into individual properties @ http://localhost:3000/_next/static/chunks/d14e7_next_dist_51049c13._.js:2297
[  509071ms] [WARNING] rotate not eligible for reset. Try splitting into individual properties @ http://localhost:3000/_next/static/chunks/d14e7_next_dist_51049c13._.js:2297
[  509079ms] [WARNING] rotate not eligible for reset. Try splitting into individual properties @ http://localhost:3000/_next/static/chunks/d14e7_next_dist_51049c13._.js:2297
[  509079ms] [WARNING] rotate not eligible for reset. Try splitting into individual properties @ http://localhost:3000/_next/static/chunks/d14e7_next_dist_51049c13._.js:2297
[  509088ms] [WARNING] rotate not eligible for reset. Try splitting into individual properties @ http://localhost:3000/_next/static/chunks/d14e7_next_dist_51049c13._.js:2297
[  509088ms] [WARNING] rotate not eligible for reset. Try splitting into individual properties @ http://localhost:3000/_next/static/chunks/d14e7_next_dist_51049c13._.js:2297
[  509096ms] [WARNING] rotate not eligible for reset. Try splitting into individual properties @ http://localhost:3000/_next/static/chunks/d14e7_next_dist_51049c13._.js:2297
[  509096ms] [WARNING] rotate not eligible for reset. Try splitting into individual properties @ http://localhost:3000/_next/static/chunks/d14e7_next_dist_51049c13._.js:2297
[  509108ms] [WARNING] rotate not eligible for reset. Try splitting into individual properties @ http://localhost:3000/_next/static/chunks/d14e7_next_dist_51049c13._.js:2297
[  509108ms] [WARNING] rotate not eligible for reset. Try splitting into individual properties @ http://localhost:3000/_next/static/chunks/d14e7_next_dist_51049c13._.js:2297
[  509120ms] [WARNING] rotate not eligible for reset. Try splitting into individual properties @ http://localhost:3000/_next/static/chunks/d14e7_next_dist_51049c13._.js:2297
[  509120ms] [WARNING] rotate not eligible for reset. Try splitting into individual properties @ http://localhost:3000/_next/static/chunks/d14e7_next_dist_51049c13._.js:2297
[  509131ms] [WARNING] rotate not eligible for reset. Try splitting into individual properties @ http://localhost:3000/_next/static/chunks/d14e7_next_dist_51049c13._.js:2297
[  509132ms] [WARNING] rotate not eligible for reset. Try splitting into individual properties @ http://localhost:3000/_next/static/chunks/d14e7_next_dist_51049c13._.js:2297
[  509143ms] [WARNING] rotate not eligible for reset. Try splitting into individual properties @ http://localhost:3000/_next/static/chunks/d14e7_next_dist_51049c13._.js:2297
[  509143ms] [WARNING] rotate not eligible for reset. Try splitting into individual properties @ http://localhost:3000/_next/static/chunks/d14e7_next_dist_51049c13._.js:2297
[  509150ms] [WARNING] rotate not eligible for reset. Try splitting into individual properties @ http://localhost:3000/_next/static/chunks/d14e7_next_dist_51049c13._.js:2297
[  509151ms] [WARNING] rotate not eligible for reset. Try splitting into individual properties @ http://localhost:3000/_next/static/chunks/d14e7_next_dist_51049c13._.js:2297
[  509161ms] [WARNING] rotate not eligible for reset. Try splitting into individual properties @ http://localhost:3000/_next/static/chunks/d14e7_next_dist_51049c13._.js:2297
[  509162ms] [WARNING] rotate not eligible for reset. Try splitting into individual properties @ http://localhost:3000/_next/static/chunks/d14e7_next_dist_51049c13._.js:2297
[  509173ms] [WARNING] rotate not eligible for reset. Try splitting into individual properties @ http://localhost:3000/_next/static/chunks/d14e7_next_dist_51049c13._.js:2297
[  509173ms] [WARNING] rotate not eligible for reset. Try splitting into individual properties @ http://localhost:3000/_next/static/chunks/d14e7_next_dist_51049c13._.js:2297
[  509183ms] [WARNING] rotate not eligible for reset. Try splitting into individual properties @ http://localhost:3000/_next/static/chunks/d14e7_next_dist_51049c13._.js:2297
[  509183ms] [WARNING] rotate not eligible for reset. Try splitting into individual properties @ http://localhost:3000/_next/static/chunks/d14e7_next_dist_51049c13._.js:2297
[  509187ms] [WARNING] rotate not eligible for reset. Try splitting into individual properties @ http://localhost:3000/_next/static/chunks/d14e7_next_dist_51049c13._.js:2297
[  509187ms] [WARNING] rotate not eligible for reset. Try splitting into individual properties @ http://localhost:3000/_next/static/chunks/d14e7_next_dist_51049c13._.js:2297
[  509197ms] [WARNING] rotate not eligible for reset. Try splitting into individual properties @ http://localhost:3000/_next/static/chunks/d14e7_next_dist_51049c13._.js:2297
[  509197ms] [WARNING] rotate not eligible for reset. Try splitting into individual properties @ http://localhost:3000/_next/static/chunks/d14e7_next_dist_51049c13._.js:2297
[  509205ms] [WARNING] rotate not eligible for reset. Try splitting into individual properties @ http://localhost:3000/_next/static/chunks/d14e7_next_dist_51049c13._.js:2297
[  509205ms] [WARNING] rotate not eligible for reset. Try splitting into individual properties @ http://localhost:3000/_next/static/chunks/d14e7_next_dist_51049c13._.js:2297
[  509211ms] [WARNING] rotate not eligible for reset. Try splitting into individual properties @ http://localhost:3000/_next/static/chunks/d14e7_next_dist_51049c13._.js:2297
[  509211ms] [WARNING] rotate not eligible for reset. Try splitting into individual properties @ http://localhost:3000/_next/static/chunks/d14e7_next_dist_51049c13._.js:2297
[  509222ms] [WARNING] rotate not eligible for reset. Try splitting into individual properties @ http://localhost:3000/_next/static/chunks/d14e7_next_dist_51049c13._.js:2297
[  509222ms] [WARNING] rotate not eligible for reset. Try splitting into individual properties @ http://localhost:3000/_next/static/chunks/d14e7_next_dist_51049c13._.js:2297
[  509228ms] [WARNING] rotate not eligible for reset. Try splitting into individual properties @ http://localhost:3000/_next/static/chunks/d14e7_next_dist_51049c13._.js:2297
[  509228ms] [WARNING] rotate not eligible for reset. Try splitting into individual properties @ http://localhost:3000/_next/static/chunks/d14e7_next_dist_51049c13._.js:2297
[  620965ms] [LOG] [Fast Refresh] rebuilding @ http://localhost:3000/_next/static/chunks/d14e7_next_dist_51049c13._.js:2297
[  621190ms] [LOG] [Fast Refresh] done in 332ms @ http://localhost:3000/_next/static/chunks/d14e7_next_dist_51049c13._.js:2297
[  623656ms] [LOG] [Fast Refresh] rebuilding @ http://localhost:3000/_next/static/chunks/d14e7_next_dist_51049c13._.js:2297
[  623805ms] [LOG] [Fast Refresh] done in 250ms @ http://localhost:3000/_next/static/chunks/d14e7_next_dist_51049c13._.js:2297
